file_name,file_path,label,distance_category,window_idx,timestamp_unix,status,operator_label,decision_reason,ml_drone_pct,ml_drone_pct_smoothed,hf_p_drone,hf_negative,hf_positive,harmonic_score,harmonic_score_smoothed,harmonic_evidence_pct,harmonic_evidence_pct_raw,harmonic_evidence_pct_smoothed,combined_drone_evidence_pct,best_f0_hz,raw_best_f0_hz,canonical_best_f0_hz,f0_stable,f0_family_stable,confidence,rms,window_rms,padding_ratio,channel_count,channel_agreement_count,strongest_channel,suspect_threshold,alert_threshold
BACKGROUND_001.wav,data/datasets/svanstrom_drone_detection/Data/Audio/BACKGROUND_001.wav,background,,0,1780431531.78724,suspect,background,harmonic source detected; awaiting stronger drone evidence,0.0006448550266213715,0.0006448550266213715,0.0006448550266213715,True,False,20.34067050435486,20.34067050435486,0.7234450840591435,0.7234450840591435,0.7234450840591435,0.001288559692596299,1845,1845,1845,False,False,0.8096160946369811,0.01485338372773937,0.01485338372773937,0.0,1,1,0,16.0,22.0
BACKGROUND_001.wav,data/datasets/svanstrom_drone_detection/Data/Audio/BACKGROUND_001.wav,background,,1,1780431536.000938,suspect,background,harmonic source detected; awaiting stronger drone evidence,0.002213680185377598,0.002213680185377598,0.002213680185377598,True,False,19.15372128598231,19.747195895168588,0.5256202143303851,0.5256202143303851,0.6245326491947643,0.004411715809020349,1845,1845,1845,False,False,0.7413450764100419,0.015596206853879493,0.015596206853879493,0.0,1,1,0,16.0,22.0
BACKGROUND_001.wav,data/datasets/svanstrom_drone_detection/Data/Audio/BACKGROUND_001.wav,background,,2,1780431536.2562509,suspect,background,harmonic source detected; awaiting stronger drone evidence,0.0015498880529776216,0.0015498880529776216,0.0015498880529776216,True,False,17.909529036368085,19.15372128598231,0.31825483939468074,0.31825483939468074,0.5256202143303851,0.003090656854714238,530,530,530,False,False,0.6541965263413427,0.02110142082518253,0.02110142082518253,0.0,1,1,0,16.0,22.0
BACKGROUND_001.wav,data/datasets/svanstrom_drone_detection/Data/Audio/BACKGROUND_001.wav,background,,3,1780431536.491605,suspect,background,harmonic source detected; awaiting stronger drone evidence,0.0018437261460348964,0.0018437261460348964,0.0018437261460348964,True,False,20.36077529768015,19.747195895168588,0.7267958829466915,0.7267958829466915,0.6245326491947643,0.0036765924814775976,525,525,530,False,False,0.8108271537723283,0.008658225792133732,0.008658225792133732,0.0,1,1,0,16.0,22.0
BACKGROUND_001.wav,data/datasets/svanstrom_drone_detection/Data/Audio/BACKGROUND_001.wav,background,,4,1780431536.732376,suspect,background,harmonic source detected; awaiting stronger drone evidence,0.0021628395188599825,0.0021628395188599825,0.0021628395188599825,True,False,20.23229962205328,20.23229962205328,0.7053832703422133,0.7053832703422133,0.7053832703422133,0.004312450130248969,525,525,530,False,True,0.8042112449991796,0.008801719309733985,0.008801719309733985,0.0,1,1,0,16.0,22.0
BACKGROUND_001.wav,data/datasets/svanstrom_drone_detection/Data/Audio/BACKGROUND_001.wav,background,,5,1780431537.4120152,suspect,background,harmonic source detected; awaiting stronger drone evidence,0.00414802972227335,0.00414802972227335,0.00414802972227335,True,False,20.319993080109455,20.23229962205328,0.7199988466849092,0.7199988466849092,0.7053832703422133,0.008247547773957436,525,525,530,False,True,0.8090764987017234,0.014238823338085656,0.014238823338085656,0.0,1,1,0,16.0,22.0
BACKGROUND_001.wav,data/datasets/svanstrom_drone_detection/Data/Audio/BACKGROUND_001.wav,background,,6,1780431537.6854222,suspect,background,harmonic source detected; awaiting stronger drone evidence,0.0007957963389344513,0.0007957963389344513,0.0007957963389344513,True,False,18.453550690533806,20.23229962205328,0.4089251150889677,0.4089251150889677,0.7053832703422133,0.001589796853717761,510,510,530,True,True,0.6938991826411456,0.02400648585925588,0.02400648585925588,0.0,1,1,0,16.0,22.0
BACKGROUND_001.wav,data/datasets/svanstrom_drone_detection/Data/Audio/BACKGROUND_001.wav,background,,7,1780431537.924,suspect,background,background or insufficient evidence,0.0004013771831523627,0.0004013771831523627,0.0004013771831523627,True,False,12.306281869155942,20.23229962205328,0.0,0.0,0.7053832703422133,0.000802296706047947,500,500,530,True,True,0.22596457939530765,0.019515467065837833,0.019515467065837833,0.0,1,0,0,16.0,22.0
BACKGROUND_001.wav,data/datasets/svanstrom_drone_detection/Data/Audio/BACKGROUND_001.wav,background,,8,1780431538.7656682,suspect,background,harmonic source detected; awaiting stronger drone evidence,0.05694806948304176,0.05694806948304176,0.05694806948304176,True,False,17.097858944862956,18.453550690533806,0.18297649081049272,0.18297649081049272,0.4089251150889677,0.09997332601222024,580,580,530,True,True,0.5990229257808154,0.0015333709498637988,0.0015333709498637988,0.0,1,1,0,16.0,22.0
BACKGROUND_001.wav,data/datasets/svanstrom_drone_detection/Data/Audio/BACKGROUND_001.wav,background,,9,1780431539.023152,suspect,background,harmonic source detected; awaiting stronger drone evidence,0.19415703415870667,0.19415703415870667,0.19415703415870667,True,False,18.193178055935377,18.193178055935377,0.3655296759892295,0.3655296759892295,0.3655296759892295,0.25360627542921405,565,565,530,True,True,0.7041612521437652,0.0012685578208426326,0.0012685578208426326,0.0,1,1,0,16.0,22.0
BACKGROUND_002.wav,data/datasets/svanstrom_drone_detection/Data/Audio/BACKGROUND_002.wav,background,,0,1780431539.26859,background,background,background or insufficient evidence,0.3209554851055145,0.3209554851055145,0.3209554851055145,False,False,13.24513632422128,13.24513632422128,0.0,0.0,0.0,0.0,605,605,605,False,False,0.2853068765216111,0.007187398006990878,0.007187398006990878,0.0,1,0,0,16.0,22.0
BACKGROUND_002.wav,data/datasets/svanstrom_drone_detection/Data/Audio/BACKGROUND_002.wav,background,,1,1780431540.232775,background,background,background or insufficient evidence,0.05230608955025673,0.05230608955025673,0.05230608955025673,True,False,14.39840655613226,13.82177144017677,0.0,0.0,0.0,0.0,560,560,605,False,False,0.36961601103204617,0.006345411198411078,0.006345411198411078,0.0,1,0,0,16.0,22.0
BACKGROUND_002.wav,data/datasets/svanstrom_drone_detection/Data/Audio/BACKGROUND_002.wav,background,,2,1780431540.505582,background,background,background or insufficient evidence,0.22330299019813538,0.22330299019813538,0.22330299019813538,False,False,13.428057324994679,13.428057324994679,0.0,0.0,0.0,0.0,595,595,605,False,False,0.2979007862796655,0.004940481710571082,0.004940481710571082,0.0,1,0,0,16.0,22.0
BACKGROUND_002.wav,data/datasets/svanstrom_drone_detection/Data/Audio/BACKGROUND_002.wav,background,,3,1780431540.7487109,background,background,background or insufficient evidence,0.054465051740407944,0.054465051740407944,0.054465051740407944,True,False,9.632980728753065,13.33659682460798,0.0,0.0,0.0,0.0,660,660,605,False,False,0.10694440101742422,0.0051017574695941224,0.0051017574695941224,0.0,1,0,0,16.0,22.0
BACKGROUND_002.wav,data/datasets/svanstrom_drone_detection/Data/Audio/BACKGROUND_002.wav,background,,4,1780431541.627886,background,background,background or insufficient evidence,0.48915722966194153,0.48915722966194153,0.48915722966194153,False,False,12.941414470310017,13.24513632422128,0.0,0.0,0.0,0.0,515,515,605,False,False,0.2651192512641616,0.005492300600527964,0.005492300600527964,0.0,1,0,0,16.0,22.0
BACKGROUND_002.wav,data/datasets/svanstrom_drone_detection/Data/Audio/BACKGROUND_002.wav,background,,5,1780431541.8838131,background,background,background or insufficient evidence,0.31750622391700745,0.31750622391700745,0.31750622391700745,False,False,12.461972557156578,12.941414470310017,0.0,0.0,0.0,0.0,620,620,605,False,False,0.23517044050652716,0.005148692287783953,0.005148692287783953,0.0,1,0,0,16.0,22.0
BACKGROUND_002.wav,data/datasets/svanstrom_drone_detection/Data/Audio/BACKGROUND_002.wav,background,,6,1780431542.126626,background,background,background or insufficient evidence,0.12547868490219116,0.12547868490219116,0.12547868490219116,True,False,13.524038183085043,12.941414470310017,0.0,0.0,0.0,0.0,570,570,605,False,False,0.3046354116480857,0.004439232215026451,0.004439232215026451,0.0,1,0,0,16.0,22.0
BACKGROUND_002.wav,data/datasets/svanstrom_drone_detection/Data/Audio/BACKGROUND_002.wav,background,,7,1780431543.009963,background,background,ML-only suspect; harmonic rotor evidence is weak,0.7188730239868164,0.7188730239868164,0.7188730239868164,False,True,13.644182759164847,12.941414470310017,0.0,0.0,0.0,0.0,670,670,605,False,False,0.3131846741971338,0.005391777974847544,0.005391777974847544,0.0,1,0,0,16.0,22.0
BACKGROUND_002.wav,data/datasets/svanstrom_drone_detection/Data/Audio/BACKGROUND_002.wav,background,,8,1780431543.275689,background,background,background or insufficient evidence,0.12726688385009766,0.12726688385009766,0.12726688385009766,True,False,13.527336678847009,13.524038183085043,0.0,0.0,0.0,0.0,600,600,605,False,False,0.30486837139488,0.006475245139775762,0.006475245139775762,0.0,1,0,0,16.0,22.0
BACKGROUND_002.wav,data/datasets/svanstrom_drone_detection/Data/Audio/BACKGROUND_002.wav,background,,9,1780431543.5431192,background,background,background or insufficient evidence,0.6967573761940002,0.6967573761940002,0.6967573761940002,False,False,12.225132067693947,13.524038183085043,0.0,0.0,0.0,0.0,840,840,840,False,False,0.22126851840600376,0.005077221324407105,0.005077221324407105,0.0,1,0,0,16.0,22.0
BACKGROUND_003.wav,data/datasets/svanstrom_drone_detection/Data/Audio/BACKGROUND_003.wav,background,,0,1780431544.579927,suspect,background,harmonic source detected; awaiting stronger drone evidence,0.0008151248330250382,0.0008151248330250382,0.0008151248330250382,True,False,18.290805802150658,18.290805802150658,0.3818009670251096,0.3818009670251096,0.3818009670251096,0.0016267723325362156,515,515,515,False,False,0.6822575100363291,0.037915921824137326,0.037915921824137326,0.0,1,1,0,16.0,22.0
BACKGROUND_003.wav,data/datasets/svanstrom_drone_detection/Data/Audio/BACKGROUND_003.wav,background,,1,1780431544.8571782,suspect,background,harmonic source detected; awaiting stronger drone evidence,0.005358742084354162,0.005358742084354162,0.005358742084354162,True,False,20.044501062236826,19.16765343219374,0.6740835103728043,0.6740835103728043,0.527942238698957,0.010609772303747588,520,520,515,False,False,0.794633608270831,0.03364743522621713,0.03364743522621713,0.0,1,1,0,16.0,22.0
BACKGROUND_003.wav,data/datasets/svanstrom_drone_detection/Data/Audio/BACKGROUND_003.wav,background,,2,1780431545.124232,suspect,background,harmonic source detected; awaiting stronger drone evidence,0.0015471309889107943,0.0015471309889107943,0.0015471309889107943,True,False,19.49366474259458,19.49366474259458,0.5822774570990964,0.5822774570990964,0.5822774570990964,0.0030860569197470322,505,505,515,True,True,0.7623914506921783,0.03388999204828992,0.03388999204828992,0.0,1,1,0,16.0,22.0
BACKGROUND_003.wav,data/datasets/svanstrom_drone_detection/Data/Audio/BACKGROUND_003.wav,background,,3,1780431545.376985,suspect,non_drone_harmonic,"harmonic source detected, but ML strongly rejects drone",0.002062144922092557,0.002062144922092557,0.002062144922092557,True,False,20.536907537768908,19.769082902415704,0.7561512562948179,0.7561512562948179,0.6281804837359504,0.004110788703892135,560,560,515,True,True,0.8197115101780807,0.03759794333634216,0.03759794333634216,0.0,1,1,0,16.0,22.0
BACKGROUND_003.wav,data/datasets/svanstrom_drone_detection/Data/Audio/BACKGROUND_003.wav,background,,4,1780431546.051166,suspect,non_drone_harmonic,"harmonic source detected, but ML strongly rejects drone",0.003999527543783188,0.003999527543783188,0.003999527543783188,True,False,21.524293914768297,20.044501062236826,0.9207156524613828,0.9207156524613828,0.6740835103728043,0.007951862647672982,500,500,515,True,True,0.8637178265427488,0.033455717086500955,0.033455717086500955,0.0,1,1,0,16.0,22.0
BACKGROUND_003.wav,data/datasets/svanstrom_drone_detection/Data/Audio/BACKGROUND_003.wav,background,,5,1780431546.307012,suspect,background,harmonic source detected; awaiting stronger drone evidence,0.003589305793866515,0.003589305793866515,0.003589305793866515,True,False,18.314995763902644,20.044501062236826,0.3858326273171073,0.3858326273171073,0.6740835103728043,0.0071405794103631785,545,545,515,True,True,0.6844194074851996,0.029655615120573416,0.029655615120573416,0.0,1,1,0,16.0,22.0
BACKGROUND_003.wav,data/datasets/svanstrom_drone_detection/Data/Audio/BACKGROUND_003.wav,background,,6,1780431546.549291,suspect,non_drone_harmonic,"harmonic source detected, but ML strongly rejects drone",0.0015247398987412453,0.0015247398987412453,0.0015247398987412453,True,False,20.796075657974146,20.536907537768908,0.7993459429956911,0.7993459429956911,0.7561512562948179,0.003043339036946274,500,500,515,True,True,0.8320641897311741,0.036561867852910324,0.036561867852910324,0.0,1,1,0,16.0,22.0
BACKGROUND_003.wav,data/datasets/svanstrom_drone_detection/Data/Audio/BACKGROUND_003.wav,background,,7,1780431547.453543,suspect,non_drone_harmonic,"harmonic source detected, but ML strongly rejects drone",0.00047232871293090284,0.00047232871293090284,0.00047232871293090284,True,False,18.16573384259667,20.536907537768908,0.3609556404327782,0.3609556404327782,0.7561512562948179,0.000944066467687298,520,520,515,True,True,0.6730986045219568,0.03775524261776269,0.03775524261776269,0.0,1,1,0,16.0,22.0
BACKGROUND_003.wav,data/datasets/svanstrom_drone_detection/Data/Audio/BACKGROUND_003.wav,background,,8,1780431547.709216,suspect,background,harmonic source detected; awaiting stronger drone evidence,0.01593119278550148,0.01593119278550148,0.01593119278550148,True,False,17.940242353241683,18.314995763902644,0.32337372554028043,0.32337372554028043,0.3858326273171073,0.03059886610856334,530,530,515,True,True,0.6586668132729687,0.03732767733032981,0.03732767733032981,0.0,1,1,0,16.0,22.0
BACKGROUND_003.wav,data/datasets/svanstrom_drone_detection/Data/Audio/BACKGROUND_003.wav,background,,9,1780431547.9500601,suspect,background,harmonic source detected; awaiting stronger drone evidence,0.0025888925883919,0.0025888925883919,0.0025888925883919,True,False,19.939888582339584,18.314995763902644,0.6566480970565974,0.6566480970565974,0.3858326273171073,0.005143261155218572,535,535,515,True,True,0.7884525395859087,0.03747569248081728,0.03747569248081728,0.0,1,1,0,16.0,22.0
BACKGROUND_004.wav,data/datasets/svanstrom_drone_detection/Data/Audio/BACKGROUND_004.wav,background,,0,1780431548.846168,suspect,non_drone_harmonic,"harmonic source detected, but ML strongly rejects drone",0.14176160097122192,0.14176160097122192,0.14176160097122192,True,False,21.394510163520778,21.394510163520778,0.899085027253463,0.899085027253463,0.899085027253463,0.24490757228336996,505,505,505,False,False,0.8791902711599817,0.01407859784676857,0.01407859784676857,0.0,1,1,0,16.0,22.0
BACKGROUND_004.wav,data/datasets/svanstrom_drone_detection/Data/Audio/BACKGROUND_004.wav,background,,1,1780431549.103981,suspect,non_drone_harmonic,"harmonic source detected, but ML strongly rejects drone",0.05760698765516281,0.05760698765516281,0.05760698765516281,True,False,20.392208976233665,20.89335956987722,0.7320348293722775,0.7320348293722775,0.8155599283128703,0.10761263638570294,500,500,505,False,False,0.8207953776164751,0.018450081592707418,0.018450081592707418,0.0,1,1,0,16.0,22.0
BACKGROUND_004.wav,data/datasets/svanstrom_drone_detection/Data/Audio/BACKGROUND_004.wav,background,,2,1780431549.345043,suspect,non_drone_harmonic,"harmonic source detected, but ML strongly rejects drone",0.06711752712726593,0.06711752712726593,0.06711752712726593,True,False,21.43615110344065,21.394510163520778,0.9060251839067751,0.9060251839067751,0.899085027253463,0.1249102498801706,500,500,505,True,True,0.8696771262860747,0.014213940303219472,0.014213940303219472,0.0,1,1,0,16.0,22.0
BACKGROUND_004.wav,data/datasets/svanstrom_drone_detection/Data/Audio/BACKGROUND_004.wav,background,,3,1780431550.300461,suspect,non_drone_harmonic,"harmonic source detected, but ML strongly rejects drone",0.016304098069667816,0.016304098069667816,0.016304098069667816,True,False,21.580788335334805,21.415330633480714,0.9301313892224675,0.9301313892224675,0.9025551055801191,0.03202956640456754,505,505,505,True,True,0.8677731887850944,0.01844967905787875,0.01844967905787875,0.0,1,1,0,16.0,22.0
BACKGROUND_004.wav,data/datasets/svanstrom_drone_detection/Data/Audio/BACKGROUND_004.wav,background,,4,1780431550.559385,suspect,non_drone_harmonic,"harmonic source detected, but ML strongly rejects drone",0.006087560206651688,0.006087560206651688,0.006087560206651688,True,False,22.74736901344053,21.43615110344065,1.0,1.0,0.9060251839067751,0.012093848802018003,505,505,505,True,True,0.9054879944507317,0.019185441373345737,0.019185441373345737,0.0,1,1,0,16.0,22.0
BACKGROUND_004.wav,data/datasets/svanstrom_drone_detection/Data/Audio/BACKGROUND_004.wav,background,,5,1780431550.803796,suspect,non_drone_harmonic,"harmonic source detected, but ML strongly rejects drone",0.0036886590532958508,0.0036886590532958508,0.0036886590532958508,True,False,22.78445610967547,21.580788335334805,1.0,1.0,0.9301313892224675,0.0073481692792106,500,500,505,True,True,0.9061899445078135,0.01780456564556803,0.01780456564556803,0.0,1,1,0,16.0,22.0
BACKGROUND_004.wav,data/datasets/svanstrom_drone_detection/Data/Audio/BACKGROUND_004.wav,background,,6,1780431551.667566,suspect,non_drone_harmonic,"harmonic source detected, but ML strongly rejects drone",0.007627808954566717,0.007627808954566717,0.007627808954566717,True,False,22.645235750277774,22.645235750277774,1.0,1.0,1.0,0.015140116850133948,505,505,505,True,True,0.9027395956250235,0.019017411308419253,0.019017411308419253,0.0,1,1,0,16.0,22.0
BACKGROUND_004.wav,data/datasets/svanstrom_drone_detection/Data/Audio/BACKGROUND_004.wav,background,,7,1780431551.924692,suspect,non_drone_harmonic,"harmonic source detected, but ML strongly rejects drone",0.004958076868206263,0.004958076868206263,0.004958076868206263,True,False,23.07238796625775,22.74736901344053,1.0,1.0,1.0,0.00986722142688101,505,505,505,True,True,0.9142692856421253,0.01867909618230885,0.01867909618230885,0.0,1,1,0,16.0,22.0
BACKGROUND_004.wav,data/datasets/svanstrom_drone_detection/Data/Audio/BACKGROUND_004.wav,background,,8,1780431552.163913,suspect,non_drone_harmonic,"harmonic source detected, but ML strongly rejects drone",0.004179913084954023,0.004179913084954023,0.004179913084954023,True,False,23.961746472304114,22.78445610967547,1.0,1.0,1.0,0.008325019984920589,500,500,505,True,True,0.9348788969129977,0.0213145134245368,0.0213145134245368,0.0,1,1,0,16.0,22.0
BACKGROUND_004.wav,data/datasets/svanstrom_drone_detection/Data/Audio/BACKGROUND_004.wav,background,,9,1780431552.404118,suspect,non_drone_harmonic,"harmonic source detected, but ML strongly rejects drone",0.003298682626336813,0.003298682626336813,0.003298682626336813,True,False,24.45339655800221,23.07238796625775,1.0,1.0,1.0,0.006575667636417175,500,500,505,True,True,0.9441248989168477,0.027814528668441068,0.027814528668441068,0.0,1,1,0,16.0,22.0
BACKGROUND_005.wav,data/datasets/svanstrom_drone_detection/Data/Audio/BACKGROUND_005.wav,background,,0,1780431553.098327,background,background,background or insufficient evidence,0.040078457444906235,0.040078457444906235,0.040078457444906235,True,False,11.960552895156427,11.960552895156427,0.0,0.0,0.0,0.0,510,510,510,False,False,0.20644605657025508,0.006950356712337706,0.006950356712337706,0.0,1,0,0,16.0,22.0
BACKGROUND_005.wav,data/datasets/svanstrom_drone_detection/Data/Audio/BACKGROUND_005.wav,background,,1,1780431553.354274,background,background,background or insufficient evidence,0.0032703126780688763,0.0032703126780688763,0.0032703126780688763,True,False,11.319009666647517,11.639781280901971,0.0,0.0,0.0,0.0,515,515,510,False,False,0.17359928332605543,0.01197712384364345,0.01197712384364345,0.0,1,0,0,16.0,22.0
BACKGROUND_005.wav,data/datasets/svanstrom_drone_detection/Data/Audio/BACKGROUND_005.wav,background,,2,1780431553.5974,background,background,background or insufficient evidence,0.0028857134748250246,0.0028857134748250246,0.0028857134748250246,True,False,11.781628381265362,11.781628381265362,0.0,0.0,0.0,0.0,525,525,510,False,False,0.19684614328819303,0.013117087660021487,0.013117087660021487,0.0,1,0,0,16.0,22.0
BACKGROUND_005.wav,data/datasets/svanstrom_drone_detection/Data/Audio/BACKGROUND_005.wav,background,,3,1780431554.517118,background,background,background or insufficient evidence,0.18630826473236084,0.18630826473236084,0.18630826473236084,True,False,11.845060434521566,11.813344407893464,0.0,0.0,0.0,0.0,515,515,510,False,False,0.20021040389652198,0.012177886991892314,0.012177886991892314,0.0,1,0,0,16.0,22.0
BACKGROUND_005.wav,data/datasets/svanstrom_drone_detection/Data/Audio/BACKGROUND_005.wav,background,,4,1780431554.774504,background,background,background or insufficient evidence,0.017768269404768944,0.017768269404768944,0.017768269404768944,True,False,11.115346791188111,11.781628381265362,0.0,0.0,0.0,0.0,550,550,510,False,False,0.16407465979034172,0.016487373052859113,0.016487373052859113,0.0,1,0,0,16.0,22.0
BACKGROUND_005.wav,data/datasets/svanstrom_drone_detection/Data/Audio/BACKGROUND_005.wav,background,,5,1780431555.013412,background,background,background or insufficient evidence,0.021687915548682213,0.021687915548682213,0.021687915548682213,True,False,11.682965174867054,11.682965174867054,0.0,0.0,0.0,0.0,605,605,510,False,False,0.19169845333089988,0.014997140957993534,0.014997140957993534,0.0,1,0,0,16.0,22.0
BACKGROUND_005.wav,data/datasets/svanstrom_drone_detection/Data/Audio/BACKGROUND_005.wav,background,,6,1780431555.912229,background,background,background or insufficient evidence,0.022691553458571434,0.022691553458571434,0.022691553458571434,True,False,12.158332875127646,11.781628381265362,0.0,0.0,0.0,0.0,575,575,510,False,False,0.21745564457894112,0.008829627703309448,0.008829627703309448,0.0,1,0,0,16.0,22.0
BACKGROUND_005.wav,data/datasets/svanstrom_drone_detection/Data/Audio/BACKGROUND_005.wav,background,,7,1780431556.166805,background,background,background or insufficient evidence,0.030524227768182755,0.030524227768182755,0.030524227768182755,True,False,11.591716845960772,11.682965174867054,0.0,0.0,0.0,0.0,525,525,510,False,False,0.18702961359468118,0.00622225166518574,0.00622225166518574,0.0,1,0,0,16.0,22.0
BACKGROUND_005.wav,data/datasets/svanstrom_drone_detection/Data/Audio/BACKGROUND_005.wav,background,,8,1780431556.4085262,background,background,background or insufficient evidence,0.00255442108027637,0.00255442108027637,0.00255442108027637,True,False,12.956847844118004,11.682965174867054,0.0,0.0,0.0,0.0,510,510,510,False,False,0.2661227616852477,0.00483997163255184,0.00483997163255184,0.0,1,0,0,16.0,22.0
BACKGROUND_005.wav,data/datasets/svanstrom_drone_detection/Data/Audio/BACKGROUND_005.wav,background,,9,1780431557.2785769,background,background,background or insufficient evidence,0.12358605116605759,0.12358605116605759,0.12358605116605759,True,False,14.893091365800926,12.158332875127646,0.0,0.0,0.0,0.0,500,500,510,False,False,0.40879003933518554,0.0038906499115873264,0.0038906499115873264,0.0,1,0,0,16.0,22.0
BACKGROUND_006.wav,data/datasets/svanstrom_drone_detection/Data/Audio/BACKGROUND_006.wav,background,,0,1780431557.540562,suspect,background,harmonic source detected; awaiting stronger drone evidence,0.0005825756816193461,0.0005825756816193461,0.0005825756816193461,True,False,19.83919550228491,19.83919550228491,0.6398659170474849,0.6398659170474849,0.6398659170474849,0.0011640896807661302,535,535,535,False,False,0.7824915115479653,0.014446618298422812,0.014446618298422812,0.0,1,1,0,16.0,22.0
BACKGROUND_006.wav,data/datasets/svanstrom_drone_detection/Data/Audio/BACKGROUND_006.wav,background,,1,1780431557.7847302,suspect,background,harmonic source detected; awaiting stronger drone evidence,0.001200667000375688,0.001200667000375688,0.001200667000375688,True,False,19.620442036589466,19.729818769437188,0.6034070060982444,0.6034070060982444,0.6216364615728647,0.0023967010091389437,505,505,535,False,False,0.7699148398609791,0.015614154204470702,0.015614154204470702,0.0,1,1,0,16.0,22.0
BACKGROUND_006.wav,data/datasets/svanstrom_drone_detection/Data/Audio/BACKGROUND_006.wav,background,,2,1780431558.674575,suspect,background,harmonic source detected; awaiting stronger drone evidence,0.0012284291442483664,0.0012284291442483664,0.0012284291442483664,True,False,19.8850636912159,19.83919550228491,0.6475106152026502,0.6475106152026502,0.6398659170474849,0.0024521467690618954,540,540,535,True,True,0.7851801362330355,0.014490820402518815,0.014490820402518815,0.0,1,1,0,16.0,22.0
BACKGROUND_006.wav,data/datasets/svanstrom_drone_detection/Data/Audio/BACKGROUND_006.wav,background,,3,1780431558.933526,suspect,background,harmonic source detected; awaiting stronger drone evidence,0.0004998536896891892,0.0004998536896891892,0.0004998536896891892,True,False,19.59507420345612,19.729818769437188,0.5991790339093536,0.5991790339093536,0.6216364615728647,0.0009989025616680633,505,505,535,True,True,0.7683075421717764,0.014644282021364143,0.014644282021364143,0.0,1,1,0,16.0,22.0
BACKGROUND_006.wav,data/datasets/svanstrom_drone_detection/Data/Audio/BACKGROUND_006.wav,background,,4,1780431559.1877801,suspect,non_drone_harmonic,"harmonic source detected, but ML strongly rejects drone",0.0007364804041571915,0.0007364804041571915,0.0007364804041571915,True,False,22.040912047336025,19.83919550228491,1.0,1.0,0.6398659170474849,0.0014712650949657733,1845,1845,1845,False,False,0.8823319650649726,0.017523118294753143,0.017523118294753143,0.0,1,1,0,16.0,22.0
BACKGROUND_006.wav,data/datasets/svanstrom_drone_detection/Data/Audio/BACKGROUND_006.wav,background,,5,1780431559.4317608,suspect,background,background or insufficient evidence,0.0005425295094028115,0.0005425295094028115,0.0005425295094028115,True,False,15.963409358154243,19.620442036589466,0.0,0.0,0.6034070060982444,0.0010840825123512143,510,510,535,False,False,0.49695081764678056,0.01797494648421052,0.01797494648421052,0.0,1,0,0,16.0,22.0
BACKGROUND_006.wav,data/datasets/svanstrom_drone_detection/Data/Audio/BACKGROUND_006.wav,background,,6,1780431559.671694,suspect,background,harmonic source detected; awaiting stronger drone evidence,0.053637903183698654,0.053637903183698654,0.053637903183698654,True,False,18.357756549311176,19.59507420345612,0.39295942488519603,0.39295942488519603,0.5991790339093536,0.09846147044807983,565,565,535,False,False,0.6950000429252756,0.0011068921086649886,0.0011068921086649886,0.0,1,1,0,16.0,22.0
BACKGROUND_006.wav,data/datasets/svanstrom_drone_detection/Data/Audio/BACKGROUND_006.wav,background,,7,1780431559.912906,suspect,background,background or insufficient evidence,0.0007481484208256006,0.0007481484208256006,0.0007481484208256006,True,False,7.647739997828314,18.357756549311176,0.0,0.0,0.39295942488519603,0.0014934496889803907,925,925,1845,False,False,0.05819018467083999,0.014311334172316628,0.014311334172316628,0.0,1,0,0,16.0,22.0
BACKGROUND_006.wav,data/datasets/svanstrom_drone_detection/Data/Audio/BACKGROUND_006.wav,background,,8,1780431560.163002,suspect,non_drone_harmonic,"harmonic source detected, but ML strongly rejects drone",0.007825849577784538,0.007825849577784538,0.007825849577784538,True,False,21.578208812433928,18.357756549311176,0.9297014687389881,0.9297014687389881,0.39295942488519603,0.015346041245772839,1845,1845,1845,False,False,0.8664012178080372,0.01259089538475398,0.01259089538475398,0.0,1,1,0,16.0,22.0
BACKGROUND_006.wav,data/datasets/svanstrom_drone_detection/Data/Audio/BACKGROUND_006.wav,background,,9,1780431560.4098802,suspect,non_drone_harmonic,"harmonic source detected, but ML strongly rejects drone",0.0004332705575507134,0.0004332705575507134,0.0004332705575507134,True,False,21.335618348393048,18.357756549311176,0.8892697247321747,0.8892697247321747,0.39295942488519603,0.0008655845331898328,1845,1845,1845,False,False,0.8555814143833355,0.01973086021830846,0.01973086021830846,0.0,1,1,0,16.0,22.0
BACKGROUND_007.wav,data/datasets/svanstrom_drone_detection/Data/Audio/BACKGROUND_007.wav,background,,0,1780431560.658248,background,background,background or insufficient evidence,0.023917177692055702,0.023917177692055702,0.023917177692055702,True,False,12.249343035696297,12.249343035696297,0.0,0.0,0.0,0.0,605,605,605,False,False,0.22266223323867307,0.006741963548817088,0.006741963548817088,0.0,1,0,0,16.0,22.0
BACKGROUND_007.wav,data/datasets/svanstrom_drone_detection/Data/Audio/BACKGROUND_007.wav,background,,1,1780431560.9059358,background,background,background or insufficient evidence,0.17404122650623322,0.17404122650623322,0.17404122650623322,True,False,13.951293252274201,13.100318143985248,0.0,0.0,0.0,0.0,580,580,605,False,False,0.3356138587617017,0.006431389685685976,0.006431389685685976,0.0,1,0,0,16.0,22.0
BACKGROUND_007.wav,data/datasets/svanstrom_drone_detection/Data/Audio/BACKGROUND_007.wav,background,,2,1780431561.146042,background,background,background or insufficient evidence,0.17845197021961212,0.17845197021961212,0.17845197021961212,True,False,13.917630858976356,13.917630858976356,0.0,0.0,0.0,0.0,570,570,605,False,False,0.3331165094050874,0.0063836442882582055,0.0063836442882582055,0.0,1,0,0,16.0,22.0
BACKGROUND_007.wav,data/datasets/svanstrom_drone_detection/Data/Audio/BACKGROUND_007.wav,background,,3,1780431561.3920472,background,background,background or insufficient evidence,0.05001097545027733,0.05001097545027733,0.05001097545027733,True,False,13.063199698490038,13.490415278733197,0.0,0.0,0.0,0.0,820,820,820,False,False,0.27310346495339016,0.005878718783670023,0.005878718783670023,0.0,1,0,0,16.0,22.0
BACKGROUND_007.wav,data/datasets/svanstrom_drone_detection/Data/Audio/BACKGROUND_007.wav,background,,4,1780431561.6469278,background,background,background or insufficient evidence,0.29492297768592834,0.29492297768592834,0.29492297768592834,False,False,12.651320957904314,13.063199698490038,0.0,0.0,0.0,0.0,2020,2020,2020,False,False,0.24671192807855377,0.008440237357884945,0.008440237357884945,0.0,1,0,0,16.0,22.0
BACKGROUND_007.wav,data/datasets/svanstrom_drone_detection/Data/Audio/BACKGROUND_007.wav,background,,5,1780431561.8907552,background,background,background or insufficient evidence,0.105219766497612,0.105219766497612,0.105219766497612,True,False,15.34636552026064,13.917630858976356,0.0,0.0,0.0,0.0,2160,2160,2020,False,False,0.4457449184990633,0.01195301947578841,0.01195301947578841,0.0,1,0,0,16.0,22.0
BACKGROUND_007.wav,data/datasets/svanstrom_drone_detection/Data/Audio/BACKGROUND_007.wav,background,,6,1780431562.135353,background,background,background or insufficient evidence,0.15537318587303162,0.15537318587303162,0.15537318587303162,True,False,14.985298795698597,13.917630858976356,0.0,0.0,0.0,0.0,2060,2060,2020,False,False,0.41623858770524735,0.009808828014842806,0.009808828014842806,0.0,1,0,0,16.0,22.0
BACKGROUND_007.wav,data/datasets/svanstrom_drone_detection/Data/Audio/BACKGROUND_007.wav,background,,7,1780431562.3949928,background,background,background or insufficient evidence,0.0027994834817945957,0.0027994834817945957,0.0027994834817945957,True,False,10.670027855488229,13.063199698490038,0.0,0.0,0.0,0.0,565,565,605,False,False,0.14471637068851623,0.007081470175176583,0.007081470175176583,0.0,1,0,0,16.0,22.0
BACKGROUND_007.wav,data/datasets/svanstrom_drone_detection/Data/Audio/BACKGROUND_007.wav,background,,8,1780431562.661398,background,background,background or insufficient evidence,0.0032884576357901096,0.0032884576357901096,0.0032884576357901096,True,False,12.879086919264891,12.879086919264891,0.0,0.0,0.0,0.0,1795,1795,1795,False,False,0.26109127167050367,0.005376431137525631,0.005376431137525631,0.0,1,0,0,16.0,22.0
BACKGROUND_007.wav,data/datasets/svanstrom_drone_detection/Data/Audio/BACKGROUND_007.wav,background,,9,1780431562.924635,background,background,background or insufficient evidence,0.011082702316343784,0.011082702316343784,0.011082702316343784,True,False,11.294413170889317,12.879086919264891,0.0,0.0,0.0,0.0,535,535,605,False,False,0.17242620366540332,0.005556076123168499,0.005556076123168499,0.0,1,0,0,16.0,22.0
BACKGROUND_008.wav,data/datasets/svanstrom_drone_detection/Data/Audio/BACKGROUND_008.wav,background,,0,1780431563.177175,background,background,background or insufficient evidence,0.009732845239341259,0.009732845239341259,0.009732845239341259,True,False,10.421360883508195,10.421360883508195,0.0,0.0,0.0,0.0,500,500,500,False,False,0.13475593473097558,0.0052167400312493695,0.0052167400312493695,0.0,1,0,0,16.0,22.0
BACKGROUND_008.wav,data/datasets/svanstrom_drone_detection/Data/Audio/BACKGROUND_008.wav,background,,1,1780431563.426465,background,background,background or insufficient evidence,0.001083544921129942,0.001083544921129942,0.001083544921129942,True,False,11.010710963750224,10.71603592362921,0.0,0.0,0.0,0.0,540,540,500,False,False,0.15934678716694745,0.005781747431432935,0.005781747431432935,0.0,1,0,0,16.0,22.0
BACKGROUND_008.wav,data/datasets/svanstrom_drone_detection/Data/Audio/BACKGROUND_008.wav,background,,2,1780431563.673972,background,background,background or insufficient evidence,0.022186147049069405,0.022186147049069405,0.022186147049069405,True,False,10.27357215375996,10.421360883508195,0.0,0.0,0.0,0.0,2080,2080,2080,False,False,0.1291146822107187,0.006652951407609943,0.006652951407609943,0.0,1,0,0,16.0,22.0
BACKGROUND_008.wav,data/datasets/svanstrom_drone_detection/Data/Audio/BACKGROUND_008.wav,background,,3,1780431563.9273221,background,background,background or insufficient evidence,0.0006984872743487358,0.0006984872743487358,0.0006984872743487358,True,False,10.841078139767873,10.631219511638033,0.0,0.0,0.0,0.0,520,520,500,False,False,0.15191745985121125,0.006599395533878851,0.006599395533878851,0.0,1,0,0,16.0,22.0
BACKGROUND_008.wav,data/datasets/svanstrom_drone_detection/Data/Audio/BACKGROUND_008.wav,background,,4,1780431564.1844952,background,background,background or insufficient evidence,0.022208940237760544,0.022208940237760544,0.022208940237760544,True,False,14.676100080076965,10.841078139767873,0.0,0.0,0.0,0.0,650,650,650,False,False,0.39143125526764916,0.0024749393704149355,0.0024749393704149355,0.0,1,0,0,16.0,22.0
BACKGROUND_008.wav,data/datasets/svanstrom_drone_detection/Data/Audio/BACKGROUND_008.wav,background,,5,1780431564.42782,suspect,background,harmonic source detected; awaiting stronger drone evidence,0.6191268563270569,0.6191268563270569,0.6191268563270569,False,False,17.13607964263995,11.010710963750224,0.18934660710665815,0.18934660710665815,0.0,0.0,625,625,650,False,False,0.6864269119174997,0.003985357681629023,0.003985357681629023,0.0,1,1,0,16.0,22.0
BACKGROUND_008.wav,data/datasets/svanstrom_drone_detection/Data/Audio/BACKGROUND_008.wav,background,,6,1780431564.6690109,suspect,background,harmonic source detected; awaiting stronger drone evidence,0.3358636796474457,0.3358636796474457,0.3358636796474457,False,False,16.967844985492206,14.676100080076965,0.16130749758203441,0.16130749758203441,0.0,0.0,500,500,500,False,False,0.6303409659249324,0.004733077717295241,0.004733077717295241,0.0,1,1,0,16.0,22.0
BACKGROUND_008.wav,data/datasets/svanstrom_drone_detection/Data/Audio/BACKGROUND_008.wav,background,,7,1780431564.911743,suspect,background,background or insufficient evidence,0.3986237943172455,0.3986237943172455,0.3986237943172455,False,False,14.323953033681732,14.676100080076965,0.0,0.0,0.0,0.0,650,650,650,False,False,0.3638523997417481,0.0040483847445119785,0.0040483847445119785,0.0,1,0,0,16.0,22.0
BACKGROUND_008.wav,data/datasets/svanstrom_drone_detection/Data/Audio/BACKGROUND_008.wav,background,,8,1780431565.155371,suspect,background,harmonic source detected; awaiting stronger drone evidence,0.6180511713027954,0.6180511713027954,0.6180511713027954,False,False,21.977713749525293,16.967844985492206,0.9962856249208821,0.9962856249208821,0.16130749758203441,0.25584153709968754,500,500,500,False,False,0.9727225734886932,0.003713295313653394,0.003713295313653394,0.0,1,1,0,16.0,22.0
BACKGROUND_008.wav,data/datasets/svanstrom_drone_detection/Data/Audio/BACKGROUND_008.wav,background,,9,1780431565.4102771,suspect,background,background or insufficient evidence,0.5533648133277893,0.5533648133277893,0.5533648133277893,False,False,14.438543902073999,16.967844985492206,0.0,0.0,0.16130749758203441,0.24979775213438246,625,625,500,False,False,0.37273874589437594,0.003790437834217678,0.003790437834217678,0.0,1,0,0,16.0,22.0
BACKGROUND_009.wav,data/datasets/svanstrom_drone_detection/Data/Audio/BACKGROUND_009.wav,background,,0,1780431565.6698968,background,background,background or insufficient evidence,0.002162525663152337,0.002162525663152337,0.002162525663152337,True,False,12.369869479787477,12.369869479787477,0.0,0.0,0.0,0.0,585,585,585,False,False,0.22969335302800198,0.015635121947989654,0.015635121947989654,0.0,1,0,0,16.0,22.0
BACKGROUND_009.wav,data/datasets/svanstrom_drone_detection/Data/Audio/BACKGROUND_009.wav,background,,1,1780431565.9123468,background,background,background or insufficient evidence,0.0028120579663664103,0.0028120579663664103,0.0028120579663664103,True,False,11.649136301743763,12.00950289076562,0.0,0.0,0.0,0.0,630,630,585,False,False,0.1899572619696085,0.01785793122100445,0.01785793122100445,0.0,1,0,0,16.0,22.0
BACKGROUND_009.wav,data/datasets/svanstrom_drone_detection/Data/Audio/BACKGROUND_009.wav,background,,2,1780431566.155829,background,background,background or insufficient evidence,0.001344346790574491,0.001344346790574491,0.001344346790574491,True,False,11.806567234899818,11.806567234899818,0.0,0.0,0.0,0.0,525,525,585,False,False,0.19816371490939408,0.014863106328643136,0.014863106328643136,0.0,1,0,0,16.0,22.0
BACKGROUND_009.wav,data/datasets/svanstrom_drone_detection/Data/Audio/BACKGROUND_009.wav,background,,3,1780431566.398208,background,background,background or insufficient evidence,0.0014277310110628605,0.0014277310110628605,0.0014277310110628605,True,False,13.056299422492454,12.088218357343647,0.0,0.0,0.0,0.0,505,505,585,False,False,0.2726470937499437,0.012183485968130124,0.012183485968130124,0.0,1,0,0,16.0,22.0
BACKGROUND_009.wav,data/datasets/svanstrom_drone_detection/Data/Audio/BACKGROUND_009.wav,background,,4,1780431566.659464,background,background,background or insufficient evidence,0.003305867314338684,0.003305867314338684,0.003305867314338684,True,False,14.265525392973759,12.369869479787477,0.0,0.0,0.0,0.0,525,525,585,False,False,0.3593565013009275,0.02031163411608275,0.02031163411608275,0.0,1,0,0,16.0,22.0
BACKGROUND_009.wav,data/datasets/svanstrom_drone_detection/Data/Audio/BACKGROUND_009.wav,background,,5,1780431566.9175198,background,background,background or insufficient evidence,0.0011732102138921618,0.0011732102138921618,0.0011732102138921618,True,False,14.37280230739925,13.056299422492454,0.0,0.0,0.0,0.0,530,530,585,False,False,0.3676296367332181,0.0065803611076598436,0.0065803611076598436,0.0,1,0,0,16.0,22.0
BACKGROUND_009.wav,data/datasets/svanstrom_drone_detection/Data/Audio/BACKGROUND_009.wav,background,,6,1780431567.157284,background,background,background or insufficient evidence,0.003961400594562292,0.003961400594562292,0.003961400594562292,True,False,13.206746105639048,13.206746105639048,0.0,0.0,0.0,0.0,510,510,585,False,False,0.28270471811841463,0.009626315512783847,0.009626315512783847,0.0,1,0,0,16.0,22.0
BACKGROUND_009.wav,data/datasets/svanstrom_drone_detection/Data/Audio/BACKGROUND_009.wav,background,,7,1780431567.398881,background,background,background or insufficient evidence,0.0014433503383770585,0.0014433503383770585,0.0014433503383770585,True,False,10.439503334256486,13.206746105639048,0.0,0.0,0.0,0.0,785,785,785,False,False,0.1354626105573434,0.005679773987231397,0.005679773987231397,0.0,1,0,0,16.0,22.0
BACKGROUND_009.wav,data/datasets/svanstrom_drone_detection/Data/Audio/BACKGROUND_009.wav,background,,8,1780431567.638325,background,background,background or insufficient evidence,0.002220399212092161,0.002220399212092161,0.002220399212092161,True,False,15.543310721478475,14.265525392973759,0.0,0.0,0.0,0.0,525,525,585,False,False,0.46201588514636716,0.014523496815794913,0.014523496815794913,0.0,1,0,0,16.0,22.0
BACKGROUND_009.wav,data/datasets/svanstrom_drone_detection/Data/Audio/BACKGROUND_009.wav,background,,9,1780431567.880815,background,background,background or insufficient evidence,0.005144647788256407,0.005144647788256407,0.005144647788256407,True,False,14.286997870831526,14.286997870831526,0.0,0.0,0.0,0.0,525,525,585,False,False,0.3610059483842537,0.002857185600131401,0.002857185600131401,0.0,1,0,0,16.0,22.0
BACKGROUND_010.wav,data/datasets/svanstrom_drone_detection/Data/Audio/BACKGROUND_010.wav,background,,0,1780431568.137832,background,background,background or insufficient evidence,0.28321972489356995,0.28321972489356995,0.28321972489356995,False,False,13.778950194049779,13.778950194049779,0.0,0.0,0.0,0.0,665,665,665,False,False,0.3229276272825086,0.00646877667019732,0.00646877667019732,0.0,1,0,0,16.0,22.0
BACKGROUND_010.wav,data/datasets/svanstrom_drone_detection/Data/Audio/BACKGROUND_010.wav,background,,1,1780431568.392928,background,background,background or insufficient evidence,0.4218335747718811,0.4218335747718811,0.4218335747718811,False,False,15.498437922678988,14.638694058364383,0.0,0.0,0.0,0.0,600,600,665,False,False,0.4583002462854014,0.006462786856600278,0.006462786856600278,0.0,1,0,0,16.0,22.0
BACKGROUND_010.wav,data/datasets/svanstrom_drone_detection/Data/Audio/BACKGROUND_010.wav,background,,2,1780431568.6381261,background,background,background or insufficient evidence,0.2773519456386566,0.2773519456386566,0.2773519456386566,False,False,13.261902750057796,13.778950194049779,0.0,0.0,0.0,0.0,600,600,665,False,False,0.28644783899897813,0.0065842310419112655,0.0065842310419112655,0.0,1,0,0,16.0,22.0
BACKGROUND_010.wav,data/datasets/svanstrom_drone_detection/Data/Audio/BACKGROUND_010.wav,background,,3,1780431568.880429,background,background,background or insufficient evidence,0.07116565108299255,0.07116565108299255,0.07116565108299255,True,False,13.445111171241756,13.612030682645766,0.0,0.0,0.0,0.0,580,580,665,False,False,0.2990911214961683,0.011556987217742731,0.011556987217742731,0.0,1,0,0,16.0,22.0
BACKGROUND_010.wav,data/datasets/svanstrom_drone_detection/Data/Audio/BACKGROUND_010.wav,background,,4,1780431569.1286569,background,background,background or insufficient evidence,0.5639058947563171,0.5639058947563171,0.5639058947563171,False,False,13.498635970217393,13.498635970217393,0.0,0.0,0.0,0.0,590,590,665,False,False,0.30284471165534466,0.007941677395221816,0.007941677395221816,0.0,1,0,0,16.0,22.0
BACKGROUND_010.wav,data/datasets/svanstrom_drone_detection/Data/Audio/BACKGROUND_010.wav,background,,5,1780431569.3742661,background,background,background or insufficient evidence,0.2747311592102051,0.2747311592102051,0.2747311592102051,False,False,12.456015837634906,13.445111171241756,0.0,0.0,0.0,0.0,620,620,665,False,False,0.2348134925973745,0.007695355019111141,0.007695355019111141,0.0,1,0,0,16.0,22.0
BACKGROUND_010.wav,data/datasets/svanstrom_drone_detection/Data/Audio/BACKGROUND_010.wav,background,,6,1780431569.626218,background,background,background or insufficient evidence,0.28069576621055603,0.28069576621055603,0.28069576621055603,False,False,13.430578473929515,13.430578473929515,0.0,0.0,0.0,0.0,610,610,665,False,False,0.29807658719220886,0.006698960465493184,0.006698960465493184,0.0,1,0,0,16.0,22.0
BACKGROUND_010.wav,data/datasets/svanstrom_drone_detection/Data/Audio/BACKGROUND_010.wav,background,,7,1780431569.870974,background,background,background or insufficient evidence,0.4017678499221802,0.4017678499221802,0.4017678499221802,False,False,13.88240871917398,13.445111171241756,0.0,0.0,0.0,0.0,580,580,665,False,False,0.33051344129418475,0.005335441797879084,0.005335441797879084,0.0,1,0,0,16.0,22.0
BACKGROUND_010.wav,data/datasets/svanstrom_drone_detection/Data/Audio/BACKGROUND_010.wav,background,,8,1780431570.115571,background,background,background or insufficient evidence,0.12320557236671448,0.12320557236671448,0.12320557236671448,True,False,14.133633085894909,13.498635970217393,0.0,0.0,0.0,0.0,535,535,665,False,False,0.3492989203725217,0.004892975737867871,0.004892975737867871,0.0,1,0,0,16.0,22.0
BACKGROUND_010.wav,data/datasets/svanstrom_drone_detection/Data/Audio/BACKGROUND_010.wav,background,,9,1780431570.357399,background,background,background or insufficient evidence,0.5022663474082947,0.5022663474082947,0.5022663474082947,False,False,12.426808956545067,13.430578473929515,0.0,0.0,0.0,0.0,845,845,845,False,False,0.23306875122198725,0.005243775886345694,0.005243775886345694,0.0,1,0,0,16.0,22.0
BACKGROUND_011.wav,data/datasets/svanstrom_drone_detection/Data/Audio/BACKGROUND_011.wav,background,,0,1780431570.6106958,suspect,non_drone_harmonic,"harmonic source detected, but ML strongly rejects drone",0.0010416156146675348,0.0010416156146675348,0.0010416156146675348,True,False,21.4191532956442,21.4191532956442,0.9031922159407001,0.9031922159407001,0.9031922159407001,0.0020808291880368684,505,505,505,False,False,0.8590805744835034,0.017265335958897208,0.017265335958897208,0.0,1,1,0,16.0,22.0
BACKGROUND_011.wav,data/datasets/svanstrom_drone_detection/Data/Audio/BACKGROUND_011.wav,background,,1,1780431570.8677251,suspect,non_drone_harmonic,"harmonic source detected, but ML strongly rejects drone",0.0007662209100089967,0.0007662209100089967,0.0007662209100089967,True,False,22.521481905932365,21.970317600788285,1.0,1.0,0.9515961079703501,0.0015312072896953358,1845,1845,1845,False,False,0.8979893824820386,0.014614937407202652,0.014614937407202652,0.0,1,1,0,16.0,22.0
BACKGROUND_011.wav,data/datasets/svanstrom_drone_detection/Data/Audio/BACKGROUND_011.wav,background,,2,1780431571.115027,suspect,non_drone_harmonic,"harmonic source detected, but ML strongly rejects drone",0.0018655777676030993,0.0018655777676030993,0.0018655777676030993,True,False,22.434390318523874,22.434390318523874,1.0,1.0,1.0,0.003724204018782721,1845,1845,1845,False,False,0.895461389666425,0.016317777303293972,0.016317777303293972,0.0,1,1,0,16.0,22.0
BACKGROUND_011.wav,data/datasets/svanstrom_drone_detection/Data/Audio/BACKGROUND_011.wav,background,,3,1780431571.355894,suspect,non_drone_harmonic,"harmonic source detected, but ML strongly rejects drone",0.000544130802154541,0.000544130802154541,0.000544130802154541,True,False,23.846257803327003,22.47793611222812,1.0,1.0,1.0,0.0010876686826076537,1845,1845,1845,False,True,0.9319289884350235,0.01500856280883668,0.01500856280883668,0.0,1,1,0,16.0,22.0
BACKGROUND_011.wav,data/datasets/svanstrom_drone_detection/Data/Audio/BACKGROUND_011.wav,background,,4,1780431571.600467,suspect,non_drone_harmonic,"harmonic source detected, but ML strongly rejects drone",0.0014047473669052124,0.0014047473669052124,0.0014047473669052124,True,False,20.903384703864006,22.434390318523874,0.8172307839773344,0.8172307839773344,1.0,0.0028055508381070373,505,505,505,False,False,0.8369906246320756,0.008361829023716159,0.008361829023716159,0.0,1,1,0,16.0,22.0
BACKGROUND_011.wav,data/datasets/svanstrom_drone_detection/Data/Audio/BACKGROUND_011.wav,background,,5,1780431571.8433652,suspect,non_drone_harmonic,"harmonic source detected, but ML strongly rejects drone",0.0025632227770984173,0.0025632227770984173,0.0025632227770984173,True,False,20.893444050895273,22.434390318523874,0.8155740084825455,0.8155740084825455,1.0,0.005113333827130399,1845,1845,1845,False,False,0.8367113283197825,0.018418966126194425,0.018418966126194425,0.0,1,1,0,16.0,22.0
BACKGROUND_011.wav,data/datasets/svanstrom_drone_detection/Data/Audio/BACKGROUND_011.wav,background,,6,1780431572.100279,suspect,non_drone_harmonic,"harmonic source detected, but ML strongly rejects drone",0.0005256459699012339,0.0005256459699012339,0.0005256459699012339,True,False,19.214383874846845,20.903384703864006,0.5357306458078076,0.5357306458078076,0.8172307839773344,0.0010506148946995914,520,520,505,False,False,0.7449535606397104,0.019267774770153647,0.019267774770153647,0.0,1,1,0,16.0,22.0
BACKGROUND_011.wav,data/datasets/svanstrom_drone_detection/Data/Audio/BACKGROUND_011.wav,background,,7,1780431572.3448188,suspect,non_drone_harmonic,"harmonic source detected, but ML strongly rejects drone",0.0005727785173803568,0.0005727785173803568,0.0005727785173803568,True,False,21.009406717249004,20.903384703864006,0.8349011195415006,0.8349011195415006,0.8172307839773344,0.0011447533023689858,500,500,505,False,False,0.8416353694877462,0.010597263485705761,0.010597263485705761,0.0,1,1,0,16.0,22.0
BACKGROUND_011.wav,data/datasets/svanstrom_drone_detection/Data/Audio/BACKGROUND_011.wav,background,,8,1780431572.5868,suspect,non_drone_harmonic,"harmonic source detected, but ML strongly rejects drone",0.02039819024503231,0.02039819024503231,0.02039819024503231,True,False,16.228839975295358,20.893444050895273,0.038139995882559674,0.038139995882559674,0.8155740084825455,0.03980087832780361,575,575,505,False,False,0.5221204850720403,0.001325407492287328,0.001325407492287328,0.0,1,1,0,16.0,22.0
BACKGROUND_011.wav,data/datasets/svanstrom_drone_detection/Data/Audio/BACKGROUND_011.wav,background,,9,1780431572.830692,drone_like,drone_like,ML and harmonic rotor evidence strongly agree,0.949381411075592,0.949381411075592,0.949381411075592,False,True,17.490186794670702,19.214383874846845,0.24836446577845037,0.24836446577845037,0.5357306458078076,0.6849481446763513,580,580,505,False,False,0.7640975222731299,0.0014284722103711785,0.0014284722103711785,0.0,1,1,0,16.0,22.0
BACKGROUND_012.wav,data/datasets/svanstrom_drone_detection/Data/Audio/BACKGROUND_012.wav,background,,0,1780431573.0807638,background,background,background or insufficient evidence,0.0038619968108832836,0.0038619968108832836,0.0038619968108832836,True,False,11.944214071603929,11.944214071603929,0.0,0.0,0.0,0.0,545,545,545,False,False,0.20555524116859508,0.0004347642792102786,0.0004347642792102786,0.0,1,0,0,16.0,22.0
BACKGROUND_012.wav,data/datasets/svanstrom_drone_detection/Data/Audio/BACKGROUND_012.wav,background,,1,1780431573.330047,background,background,background or insufficient evidence,0.009921344928443432,0.009921344928443432,0.009921344928443432,True,False,11.193144765101723,11.568679418352826,0.0,0.0,0.0,0.0,500,500,545,False,False,0.16766248591625388,0.00034537281366984676,0.00034537281366984676,0.0,1,0,0,16.0,22.0
BACKGROUND_012.wav,data/datasets/svanstrom_drone_detection/Data/Audio/BACKGROUND_012.wav,background,,2,1780431573.5844429,background,background,background or insufficient evidence,0.02259776182472706,0.02259776182472706,0.02259776182472706,True,False,15.525203911790099,11.944214071603929,0.0,0.0,0.0,0.0,500,500,545,False,False,0.46051604086793624,0.00028300262171888544,0.00028300262171888544,0.0,1,0,0,16.0,22.0
BACKGROUND_012.wav,data/datasets/svanstrom_drone_detection/Data/Audio/BACKGROUND_012.wav,background,,3,1780431573.826119,background,background,background or insufficient evidence,0.014097035862505436,0.014097035862505436,0.014097035862505436,True,False,14.297205428212802,13.120709749908364,0.0,0.0,0.0,0.0,520,520,545,False,False,0.36179121433860056,0.0003040556559779342,0.0003040556559779342,0.0,1,0,0,16.0,22.0
BACKGROUND_012.wav,data/datasets/svanstrom_drone_detection/Data/Audio/BACKGROUND_012.wav,background,,4,1780431574.068854,suspect,background,harmonic source detected; awaiting stronger drone evidence,0.029166027903556824,0.029166027903556824,0.029166027903556824,True,False,17.17893232416649,14.297205428212802,0.1964887206944148,0.1964887206944148,0.0,0.0,510,510,545,False,False,0.6013741559335626,0.00033570499749928113,0.00033570499749928113,0.0,1,1,0,16.0,22.0
BACKGROUND_012.wav,data/datasets/svanstrom_drone_detection/Data/Audio/BACKGROUND_012.wav,background,,5,1780431574.31168,suspect,background,harmonic source detected; awaiting stronger drone evidence,0.1410871297121048,0.1410871297121048,0.1410871297121048,True,False,17.7130335512174,15.525203911790099,0.28550559186956664,0.28550559186956664,0.0,0.0,530,530,545,False,False,0.6601595372219725,0.00038801800435699123,0.00038801800435699123,0.0,1,1,0,16.0,22.0
BACKGROUND_012.wav,data/datasets/svanstrom_drone_detection/Data/Audio/BACKGROUND_012.wav,background,,6,1780431574.555029,suspect,background,harmonic source detected; awaiting stronger drone evidence,0.02157789282500744,0.02157789282500744,0.02157789282500744,True,False,18.528778742055398,17.17893232416649,0.4214631236758996,0.4214631236758996,0.1964887206944148,0.038885302480638956,540,540,545,False,False,0.7023178432865046,0.0005888764056806654,0.0005888764056806654,0.0,1,1,0,16.0,22.0
BACKGROUND_012.wav,data/datasets/svanstrom_drone_detection/Data/Audio/BACKGROUND_012.wav,background,,7,1780431574.809779,suspect,background,harmonic source detected; awaiting stronger drone evidence,0.025088749825954437,0.025088749825954437,0.025088749825954437,True,False,16.461619334472665,17.17893232416649,0.07693655574544422,0.07693655574544422,0.1964887206944148,0.04449580634388246,540,540,545,False,False,0.5421558687193961,0.0004575563452897235,0.0004575563452897235,0.0,1,1,0,16.0,22.0
BACKGROUND_012.wav,data/datasets/svanstrom_drone_detection/Data/Audio/BACKGROUND_012.wav,background,,8,1780431575.054698,suspect,background,background or insufficient evidence,0.003075881628319621,0.003075881628319621,0.003075881628319621,True,False,10.787925578980575,17.17893232416649,0.0,0.0,0.1964887206944148,0.0060569160127965154,1185,1185,545,True,False,0.14964881078160044,0.0007816528390830738,0.0007816528390830738,0.0,1,0,0,16.0,22.0
BACKGROUND_012.wav,data/datasets/svanstrom_drone_detection/Data/Audio/BACKGROUND_012.wav,background,,9,1780431575.2986722,suspect,background,background or insufficient evidence,0.008009311743080616,0.008009311743080616,0.008009311743080616,True,False,9.965282814658334,16.461619334472665,0.0,0.0,0.07693655574544422,0.014508100831084897,2040,2040,2040,False,False,0.11799323901898465,0.001310234669757003,0.001310234669757003,0.0,1,0,0,16.0,22.0
BACKGROUND_013.wav,data/datasets/svanstrom_drone_detection/Data/Audio/BACKGROUND_013.wav,background,,0,1780431575.548367,suspect,non_drone_harmonic,"harmonic source detected, but ML strongly rejects drone",0.07491952925920486,0.07491952925920486,0.07491952925920486,True,False,25.22573301794891,25.22573301794891,1.0,1.0,1.0,0.139395475702444,505,505,505,False,False,0.967097899067076,0.022693668043235447,0.022693668043235447,0.0,1,1,0,16.0,22.0
BACKGROUND_013.wav,data/datasets/svanstrom_drone_detection/Data/Audio/BACKGROUND_013.wav,background,,1,1780431575.788188,suspect,background,harmonic source detected; awaiting stronger drone evidence,0.016599107533693314,0.016599107533693314,0.016599107533693314,True,False,17.57213173868534,21.398932378317127,0.26202195644755655,0.26202195644755655,0.6310109782237783,0.03234725072757655,555,555,505,False,False,0.6305827472869854,0.014013878935599229,0.014013878935599229,0.0,1,1,0,16.0,22.0
BACKGROUND_013.wav,data/datasets/svanstrom_drone_detection/Data/Audio/BACKGROUND_013.wav,background,,2,1780431576.041543,suspect,non_drone_harmonic,"harmonic source detected, but ML strongly rejects drone",0.001951947808265686,0.001951947808265686,0.001951947808265686,True,False,21.090147638514154,21.090147638514154,0.848357939752359,0.848357939752359,0.848357939752359,0.0038949293613657174,510,510,505,True,True,0.8453981151761785,0.012167723787407037,0.012167723787407037,0.0,1,1,0,16.0,22.0
BACKGROUND_013.wav,data/datasets/svanstrom_drone_detection/Data/Audio/BACKGROUND_013.wav,background,,3,1780431576.2936618,suspect,background,harmonic source detected; awaiting stronger drone evidence,0.24594855308532715,0.24594855308532715,0.24594855308532715,False,False,19.25237277789002,20.171260208202085,0.5420621296483367,0.5420621296483367,0.6952100347003478,0.36335155980770456,525,525,505,True,True,0.7841659503475181,0.027565993501300425,0.027565993501300425,0.0,1,1,0,16.0,22.0
BACKGROUND_013.wav,data/datasets/svanstrom_drone_detection/Data/Audio/BACKGROUND_013.wav,background,,4,1780431576.536119,suspect,non_drone_harmonic,"harmonic source detected, but ML strongly rejects drone",0.026250803843140602,0.026250803843140602,0.026250803843140602,True,False,24.94833829765156,21.090147638514154,1.0,1.0,0.848357939752359,0.050925748377003706,500,500,505,True,True,0.9557276884298235,0.01678061709995168,0.01678061709995168,0.0,1,1,0,16.0,22.0
BACKGROUND_013.wav,data/datasets/svanstrom_drone_detection/Data/Audio/BACKGROUND_013.wav,background,,5,1780431576.789191,suspect,background,harmonic source detected; awaiting stronger drone evidence,0.037094708532094955,0.037094708532094955,0.037094708532094955,True,False,18.30330607750967,19.25237277789002,0.3838843462516118,0.3838843462516118,0.5420621296483367,0.06943750176554583,500,500,505,True,True,0.6886022258638954,0.012732547173447002,0.012732547173447002,0.0,1,1,0,16.0,22.0
BACKGROUND_013.wav,data/datasets/svanstrom_drone_detection/Data/Audio/BACKGROUND_013.wav,background,,6,1780431577.0293708,suspect,background,harmonic source detected; awaiting stronger drone evidence,0.0022891501430422068,0.0022891501430422068,0.0022891501430422068,True,False,20.25997250508861,20.25997250508861,0.7099954175147681,0.7099954175147681,0.7099954175147681,0.004563580073390025,510,510,505,True,True,0.8056803521476303,0.011820278879615492,0.011820278879615492,0.0,1,1,0,16.0,22.0
BACKGROUND_013.wav,data/datasets/svanstrom_drone_detection/Data/Audio/BACKGROUND_013.wav,background,,7,1780431577.279101,suspect,background,harmonic source detected; awaiting stronger drone evidence,0.013130604289472103,0.013130604289472103,0.013130604289472103,True,False,19.669073905909258,19.669073905909258,0.611512317651543,0.611512317651543,0.611512317651543,0.025709131167944356,500,500,505,True,True,0.7745649816469904,0.03033966595091131,0.03033966595091131,0.0,1,1,0,16.0,22.0
BACKGROUND_013.wav,data/datasets/svanstrom_drone_detection/Data/Audio/BACKGROUND_013.wav,background,,8,1780431577.5553348,suspect,non_drone_harmonic,"harmonic source detected, but ML strongly rejects drone",0.020945947617292404,0.020945947617292404,0.020945947617292404,True,False,26.214505225798717,20.25997250508861,1.0,1.0,0.7099954175147681,0.040691380150321754,545,545,505,True,True,0.9709971942417887,0.017520556230450738,0.017520556230450738,0.0,1,1,0,16.0,22.0
BACKGROUND_013.wav,data/datasets/svanstrom_drone_detection/Data/Audio/BACKGROUND_013.wav,background,,9,1780431577.800281,suspect,background,harmonic source detected; awaiting stronger drone evidence,0.4261481463909149,0.4261481463909149,0.4261481463909149,False,False,20.88131498377162,20.25997250508861,0.81355249729527,0.81355249729527,0.7099954175147681,0.5326139660957432,500,500,505,True,True,0.8996948879578257,0.012516897918797464,0.012516897918797464,0.0,1,1,0,16.0,22.0
BACKGROUND_014.wav,data/datasets/svanstrom_drone_detection/Data/Audio/BACKGROUND_014.wav,background,,0,1780431578.046591,suspect,background,harmonic source detected; awaiting stronger drone evidence,0.02908487804234028,0.02908487804234028,0.02908487804234028,True,False,18.975949230166577,18.975949230166577,0.4959915383610962,0.4959915383610962,0.4959915383610962,0.05494752945985132,1835,1835,1835,False,False,0.7338421708451259,0.005226426245007737,0.005226426245007737,0.0,1,1,0,16.0,22.0
BACKGROUND_014.wav,data/datasets/svanstrom_drone_detection/Data/Audio/BACKGROUND_014.wav,background,,1,1780431578.292052,suspect,background,background or insufficient evidence,0.026731368154287338,0.026731368154287338,0.026731368154287338,True,False,15.867216080817391,17.421582655491985,0.0,0.0,0.2479957691805481,0.04826055511446376,1865,1865,1835,False,False,0.48893647952050484,0.004165001459868159,0.004165001459868159,0.0,1,0,0,16.0,22.0
BACKGROUND_014.wav,data/datasets/svanstrom_drone_detection/Data/Audio/BACKGROUND_014.wav,background,,2,1780431578.548791,suspect,background,background or insufficient evidence,0.013463004492223263,0.013463004492223263,0.013463004492223263,True,False,14.771434724626687,15.867216080817391,0.0,0.0,0.0,0.0,1880,1880,1835,False,False,0.39902680004390323,0.004002604176713552,0.004002604176713552,0.0,1,0,0,16.0,22.0
BACKGROUND_014.wav,data/datasets/svanstrom_drone_detection/Data/Audio/BACKGROUND_014.wav,background,,3,1780431578.806875,suspect,background,harmonic source detected; awaiting stronger drone evidence,0.014850403182208538,0.014850403182208538,0.014850403182208538,True,False,16.893350283464997,16.380283182141195,0.14889171391083286,0.14889171391083286,0.07444585695541643,0.02476114024840364,1835,1835,1835,True,False,0.5761281285929823,0.0047985570208523365,0.0047985570208523365,0.0,1,1,0,16.0,22.0
BACKGROUND_014.wav,data/datasets/svanstrom_drone_detection/Data/Audio/BACKGROUND_014.wav,background,,4,1780431579.0513878,suspect,background,background or insufficient evidence,0.007648544851690531,0.007648544851690531,0.007648544851690531,True,False,15.265035492809655,15.867216080817391,0.0,0.0,0.0,0.0,1845,1845,1835,True,False,0.43905746346730823,0.0044407751234379796,0.0044407751234379796,0.0,1,0,0,16.0,22.0
BACKGROUND_014.wav,data/datasets/svanstrom_drone_detection/Data/Audio/BACKGROUND_014.wav,background,,5,1780431579.3020291,suspect,background,background or insufficient evidence,0.020526589825749397,0.020526589825749397,0.020526589825749397,True,False,12.5478949659914,15.265035492809655,0.0,0.0,0.0,0.0,1865,1865,1835,False,False,0.2403609420368757,0.005677520400292903,0.005677520400292903,0.0,1,0,0,16.0,22.0
BACKGROUND_014.wav,data/datasets/svanstrom_drone_detection/Data/Audio/BACKGROUND_014.wav,background,,6,1780431579.554263,suspect,background,background or insufficient evidence,0.02937212958931923,0.02937212958931923,0.02937212958931923,True,False,13.650679673444508,14.771434724626687,0.0,0.0,0.0,0.0,1855,1855,1835,False,False,0.31365069138119644,0.0046815720635969066,0.0046815720635969066,0.0,1,0,0,16.0,22.0
BACKGROUND_014.wav,data/datasets/svanstrom_drone_detection/Data/Audio/BACKGROUND_014.wav,background,,7,1780431579.806754,suspect,background,background or insufficient evidence,0.01088437158614397,0.01088437158614397,0.01088437158614397,True,False,14.13762640630462,14.13762640630462,0.0,0.0,0.0,0.0,1835,1835,1835,False,False,0.34960152721046206,0.002780282558966848,0.002780282558966848,0.0,1,0,0,16.0,22.0
BACKGROUND_014.wav,data/datasets/svanstrom_drone_detection/Data/Audio/BACKGROUND_014.wav,background,,8,1780431580.0668569,suspect,background,background or insufficient evidence,0.024982301518321037,0.024982301518321037,0.024982301518321037,True,False,15.233883499979399,14.13762640630462,0.0,0.0,0.0,0.0,520,520,520,False,False,0.43650167049724725,0.001749944767098301,0.001749944767098301,0.0,1,0,0,16.0,22.0
BACKGROUND_014.wav,data/datasets/svanstrom_drone_detection/Data/Audio/BACKGROUND_014.wav,background,,9,1780431580.3239172,suspect,background,background or insufficient evidence,0.018460484221577644,0.018460484221577644,0.018460484221577644,True,False,15.753355721399496,14.13762640630462,0.0,0.0,0.0,0.0,515,515,520,False,False,0.47945787961915937,0.0017803595075825264,0.0017803595075825264,0.0,1,0,0,16.0,22.0
BACKGROUND_015.wav,data/datasets/svanstrom_drone_detection/Data/Audio/BACKGROUND_015.wav,background,,0,1780431580.583115,suspect,background,harmonic source detected; awaiting stronger drone evidence,0.006059793755412102,0.006059793755412102,0.006059793755412102,True,False,17.472049671944237,17.472049671944237,0.24534161199070623,0.24534161199070623,0.24534161199070623,0.011827409239555182,580,580,580,False,False,0.6211763383038953,0.010813766990544092,0.010813766990544092,0.0,1,1,0,16.0,22.0
BACKGROUND_015.wav,data/datasets/svanstrom_drone_detection/Data/Audio/BACKGROUND_015.wav,background,,1,1780431580.8314738,suspect,non_drone_harmonic,"harmonic source detected, but ML strongly rejects drone",0.020994553342461586,0.020994553342461586,0.020994553342461586,True,False,20.93343501252724,19.202742342235737,0.8222391687545402,0.8222391687545402,0.5337903903726232,0.040400053214494296,500,500,580,False,False,0.8412925678058893,0.018954369653308958,0.018954369653308958,0.0,1,1,0,16.0,22.0
BACKGROUND_015.wav,data/datasets/svanstrom_drone_detection/Data/Audio/BACKGROUND_015.wav,background,,2,1780431581.076774,suspect,background,background or insufficient evidence,0.007324238773435354,0.007324238773435354,0.007324238773435354,True,False,15.73916658078471,17.472049671944237,0.0,0.0,0.24534161199070623,0.014223793440611357,535,535,580,True,False,0.4782775639508499,0.016929738034096458,0.016929738034096458,0.0,1,0,0,16.0,22.0
BACKGROUND_015.wav,data/datasets/svanstrom_drone_detection/Data/Audio/BACKGROUND_015.wav,background,,3,1780431581.332871,suspect,non_drone_harmonic,"harmonic source detected, but ML strongly rejects drone",0.003193959826603532,0.003193959826603532,0.003193959826603532,True,False,20.870523753808875,19.171286712876558,0.8117539589681458,0.8117539589681458,0.528547785479426,0.006349538035690454,500,500,580,True,False,0.8357574405356273,0.014305452045549826,0.014305452045549826,0.0,1,1,0,16.0,22.0
BACKGROUND_015.wav,data/datasets/svanstrom_drone_detection/Data/Audio/BACKGROUND_015.wav,background,,4,1780431581.587873,suspect,background,harmonic source detected; awaiting stronger drone evidence,0.005968452896922827,0.005968452896922827,0.005968452896922827,True,False,19.657007445602904,19.657007445602904,0.6095012409338173,0.6095012409338173,0.6095012409338173,0.011821129693398272,505,505,580,True,True,0.7727832250597119,0.01499011128445565,0.01499011128445565,0.0,1,1,0,16.0,22.0
BACKGROUND_015.wav,data/datasets/svanstrom_drone_detection/Data/Audio/BACKGROUND_015.wav,background,,5,1780431581.8443189,suspect,background,harmonic source detected; awaiting stronger drone evidence,0.004977138247340918,0.004977138247340918,0.004977138247340918,True,False,19.74159189143935,19.74159189143935,0.6235986485732248,0.6235986485732248,0.6235986485732248,0.009875441632208735,510,510,580,True,True,0.7775608935940622,0.017875414871653863,0.017875414871653863,0.0,1,1,0,16.0,22.0
BACKGROUND_015.wav,data/datasets/svanstrom_drone_detection/Data/Audio/BACKGROUND_015.wav,background,,6,1780431582.0894709,suspect,background,harmonic source detected; awaiting stronger drone evidence,0.0018653895240277052,0.0018653895240277052,0.0018653895240277052,True,False,19.216318733603032,19.657007445602904,0.5360531222671719,0.5360531222671719,0.6095012409338173,0.0037193896865896454,510,510,580,True,True,0.7452770673291416,0.018289127587624653,0.018289127587624653,0.0,1,1,0,16.0,22.0
BACKGROUND_015.wav,data/datasets/svanstrom_drone_detection/Data/Audio/BACKGROUND_015.wav,background,,7,1780431582.3365288,suspect,non_drone_harmonic,"harmonic source detected, but ML strongly rejects drone",0.007170381490141153,0.007170381490141153,0.007170381490141153,True,False,21.1897712015596,19.74159189143935,0.8649618669266003,0.8649618669266003,0.6235986485732248,0.014177719276095905,550,550,580,True,True,0.8504782219416168,0.02803284691219017,0.02803284691219017,0.0,1,1,0,16.0,22.0
BACKGROUND_015.wav,data/datasets/svanstrom_drone_detection/Data/Audio/BACKGROUND_015.wav,background,,8,1780431582.588974,suspect,background,harmonic source detected; awaiting stronger drone evidence,0.0022276495583355427,0.0022276495583355427,0.0022276495583355427,True,False,17.341749617589883,19.657007445602904,0.22362493626498056,0.22362493626498056,0.6095012409338173,0.00443906760573309,540,540,580,True,True,0.6103193153343264,0.032570448485983595,0.032570448485983595,0.0,1,1,0,16.0,22.0
BACKGROUND_015.wav,data/datasets/svanstrom_drone_detection/Data/Audio/BACKGROUND_015.wav,background,,9,1780431582.844398,suspect,background,harmonic source detected; awaiting stronger drone evidence,0.0010774100665003061,0.0010774100665003061,0.0010774100665003061,True,False,19.60753457234301,19.60753457234301,0.6012557620571682,0.6012557620571682,0.6012557620571682,0.0021509621753577103,500,500,580,True,True,0.7691328798395325,0.04698572518781158,0.04698572518781158,0.0,1,1,0,16.0,22.0
BACKGROUND_016.wav,data/datasets/svanstrom_drone_detection/Data/Audio/BACKGROUND_016.wav,background,,0,1780431583.09484,background,background,background or insufficient evidence,0.16074581444263458,0.16074581444263458,0.16074581444263458,True,False,11.005472721925733,11.005472721925733,0.0,0.0,0.0,0.0,540,540,540,False,False,0.1591130293609733,0.0031053260338590144,0.0031053260338590144,0.0,1,0,0,16.0,22.0
BACKGROUND_016.wav,data/datasets/svanstrom_drone_detection/Data/Audio/BACKGROUND_016.wav,background,,1,1780431583.343891,background,background,background or insufficient evidence,0.0568239726126194,0.0568239726126194,0.0568239726126194,True,False,10.253115827737494,10.629294274831613,0.0,0.0,0.0,0.0,1935,1935,1935,False,False,0.12834988839799943,0.003986015119190255,0.003986015119190255,0.0,1,0,0,16.0,22.0
BACKGROUND_016.wav,data/datasets/svanstrom_drone_detection/Data/Audio/BACKGROUND_016.wav,background,,2,1780431583.587447,background,background,background or insufficient evidence,0.0013100997311994433,0.0013100997311994433,0.0013100997311994433,True,False,9.961603157582605,10.253115827737494,0.0,0.0,0.0,0.0,535,535,540,False,False,0.11786565048915659,0.00484627327217742,0.00484627327217742,0.0,1,0,0,16.0,22.0
BACKGROUND_016.wav,data/datasets/svanstrom_drone_detection/Data/Audio/BACKGROUND_016.wav,background,,3,1780431583.834906,background,background,background or insufficient evidence,0.0010466644307598472,0.0010466644307598472,0.0010466644307598472,True,False,10.411516525545446,10.33231617664147,0.0,0.0,0.0,0.0,645,645,540,False,False,0.13437378630113395,0.005545992358216643,0.005545992358216643,0.0,1,0,0,16.0,22.0
BACKGROUND_016.wav,data/datasets/svanstrom_drone_detection/Data/Audio/BACKGROUND_016.wav,background,,4,1780431584.0932171,background,background,background or insufficient evidence,0.0004578910884447396,0.0004578910884447396,0.0004578910884447396,True,False,10.728965981078536,10.411516525545446,0.0,0.0,0.0,0.0,610,610,540,False,False,0.1471650436667194,0.006046782390167699,0.006046782390167699,0.0,1,0,0,16.0,22.0
BACKGROUND_016.wav,data/datasets/svanstrom_drone_detection/Data/Audio/BACKGROUND_016.wav,background,,5,1780431584.3412402,background,background,background or insufficient evidence,0.01020676176995039,0.01020676176995039,0.01020676176995039,True,False,10.470118145782598,10.411516525545446,0.0,0.0,0.0,0.0,625,625,540,False,False,0.13666218829371823,0.006900961974161474,0.006900961974161474,0.0,1,0,0,16.0,22.0
BACKGROUND_016.wav,data/datasets/svanstrom_drone_detection/Data/Audio/BACKGROUND_016.wav,background,,6,1780431584.5807428,background,background,background or insufficient evidence,0.001607677899301052,0.001607677899301052,0.001607677899301052,True,False,10.06217776666967,10.411516525545446,0.0,0.0,0.0,0.0,565,565,540,False,False,0.12139624289462651,0.004932844668752492,0.004932844668752492,0.0,1,0,0,16.0,22.0
BACKGROUND_016.wav,data/datasets/svanstrom_drone_detection/Data/Audio/BACKGROUND_016.wav,background,,7,1780431584.8257248,background,background,background or insufficient evidence,0.6285198926925659,0.6285198926925659,0.6285198926925659,False,False,14.952606551034977,10.470118145782598,0.0,0.0,0.0,0.0,500,500,540,False,False,0.4135931308722765,0.003208628428796054,0.003208628428796054,0.0,1,0,0,16.0,22.0
BACKGROUND_016.wav,data/datasets/svanstrom_drone_detection/Data/Audio/BACKGROUND_016.wav,background,,8,1780431585.068373,background,background,background or insufficient evidence,0.41247719526290894,0.41247719526290894,0.41247719526290894,False,False,13.416984273557157,10.728965981078536,0.0,0.0,0.0,0.0,1300,1300,1300,False,False,0.2971293645568839,0.004341484746267953,0.004341484746267953,0.0,1,0,0,16.0,22.0
BACKGROUND_016.wav,data/datasets/svanstrom_drone_detection/Data/Audio/BACKGROUND_016.wav,background,,9,1780431585.327462,background,background,background or insufficient evidence,0.39249134063720703,0.39249134063720703,0.39249134063720703,False,False,14.60647034550294,13.416984273557157,0.0,0.0,0.0,0.0,1300,1300,1300,False,False,0.38591650064776584,0.004708948435534064,0.004708948435534064,0.0,1,0,0,16.0,22.0
BACKGROUND_017.wav,data/datasets/svanstrom_drone_detection/Data/Audio/BACKGROUND_017.wav,background,,0,1780431585.580727,background,background,background or insufficient evidence,0.0047120098024606705,0.0047120098024606705,0.0047120098024606705,True,False,10.291038234403134,10.291038234403134,0.0,0.0,0.0,0.0,500,500,500,False,False,0.12977074946887296,0.007943232915984734,0.007943232915984734,0.0,1,0,0,16.0,22.0
BACKGROUND_017.wav,data/datasets/svanstrom_drone_detection/Data/Audio/BACKGROUND_017.wav,background,,1,1780431585.825047,background,background,background or insufficient evidence,0.008993330411612988,0.008993330411612988,0.008993330411612988,True,False,10.764830805875208,10.527934520139171,0.0,0.0,0.0,0.0,735,735,735,False,False,0.14867181622652945,0.007169477172789768,0.007169477172789768,0.0,1,0,0,16.0,22.0
BACKGROUND_017.wav,data/datasets/svanstrom_drone_detection/Data/Audio/BACKGROUND_017.wav,background,,2,1780431586.06977,background,background,background or insufficient evidence,0.00326096941716969,0.00326096941716969,0.00326096941716969,True,False,8.79561944652114,10.291038234403134,0.0,0.0,0.0,0.0,680,680,735,False,False,0.0830614178757169,0.011354338730679167,0.011354338730679167,0.0,1,0,0,16.0,22.0
BACKGROUND_017.wav,data/datasets/svanstrom_drone_detection/Data/Audio/BACKGROUND_017.wav,background,,3,1780431586.315725,background,background,background or insufficient evidence,0.003575683571398258,0.003575683571398258,0.003575683571398258,True,False,11.227156253715956,10.527934520139171,0.0,0.0,0.0,0.0,500,500,500,False,False,0.1692505736688904,0.011084449732899666,0.011084449732899666,0.0,1,0,0,16.0,22.0
BACKGROUND_017.wav,data/datasets/svanstrom_drone_detection/Data/Audio/BACKGROUND_017.wav,background,,4,1780431586.571007,background,background,background or insufficient evidence,0.003226693021133542,0.003226693021133542,0.003226693021133542,True,False,10.25011017551436,10.291038234403134,0.0,0.0,0.0,0.0,695,695,735,False,False,0.12823784314983877,0.013366120361582726,0.013366120361582726,0.0,1,0,0,16.0,22.0
BACKGROUND_017.wav,data/datasets/svanstrom_drone_detection/Data/Audio/BACKGROUND_017.wav,background,,5,1780431586.829535,background,background,background or insufficient evidence,0.0042921556159853935,0.0042921556159853935,0.0042921556159853935,True,False,8.493375810460204,10.25011017551436,0.0,0.0,0.0,0.0,510,510,500,False,False,0.0757035314820926,0.00797767281340635,0.00797767281340635,0.0,1,0,0,16.0,22.0
BACKGROUND_017.wav,data/datasets/svanstrom_drone_detection/Data/Audio/BACKGROUND_017.wav,background,,6,1780431587.0767932,background,background,background or insufficient evidence,0.009633807465434074,0.009633807465434074,0.009633807465434074,True,False,14.245705558073887,10.25011017551436,0.0,0.0,0.0,0.0,515,515,500,False,False,0.3578369485536844,0.06738108747025494,0.06738108747025494,0.0,1,0,0,16.0,22.0
BACKGROUND_017.wav,data/datasets/svanstrom_drone_detection/Data/Audio/BACKGROUND_017.wav,background,,7,1780431587.324343,background,background,background or insufficient evidence,0.0021628867834806442,0.0021628867834806442,0.0021628867834806442,True,False,14.204851254689437,11.227156253715956,0.0,0.0,0.0,0.0,530,530,500,False,False,0.3547137443945702,0.07579430900521271,0.07579430900521271,0.0,1,0,0,16.0,22.0
BACKGROUND_017.wav,data/datasets/svanstrom_drone_detection/Data/Audio/BACKGROUND_017.wav,background,,8,1780431587.56845,background,background,background or insufficient evidence,0.0014480450190603733,0.0014480450190603733,0.0014480450190603733,True,False,14.454312706139293,14.204851254689437,0.0,0.0,0.0,0.0,500,500,500,False,False,0.3739685051741648,0.07391324588016678,0.07391324588016678,0.0,1,0,0,16.0,22.0
BACKGROUND_017.wav,data/datasets/svanstrom_drone_detection/Data/Audio/BACKGROUND_017.wav,background,,9,1780431587.81616,background,background,background or insufficient evidence,0.0014472771435976028,0.0014472771435976028,0.0014472771435976028,True,False,14.024140603184977,14.204851254689437,0.0,0.0,0.0,0.0,585,585,500,False,False,0.3410497226886139,0.07569888153879845,0.07569888153879845,0.0,1,0,0,16.0,22.0
BACKGROUND_018.wav,data/datasets/svanstrom_drone_detection/Data/Audio/BACKGROUND_018.wav,background,,0,1780431588.077358,background,background,background or insufficient evidence,0.00040881073800846934,0.00040881073800846934,0.00040881073800846934,True,False,13.291260578734258,13.291260578734258,0.0,0.0,0.0,0.0,1940,1940,1940,False,False,0.28845221420634387,0.026583887890363575,0.026583887890363575,0.0,1,0,0,16.0,22.0
BACKGROUND_018.wav,data/datasets/svanstrom_drone_detection/Data/Audio/BACKGROUND_018.wav,background,,1,1780431588.3287098,suspect,background,harmonic source detected; awaiting stronger drone evidence,0.006596911698579788,0.006596911698579788,0.006596911698579788,True,False,17.696261280687292,15.493760929710774,0.282710213447882,0.282710213447882,0.141355106723941,0.012605449583166038,510,510,510,False,False,0.6386953292161626,0.036334784337429475,0.036334784337429475,0.0,1,1,0,16.0,22.0
BACKGROUND_018.wav,data/datasets/svanstrom_drone_detection/Data/Audio/BACKGROUND_018.wav,background,,2,1780431588.574328,suspect,background,background or insufficient evidence,0.012437717989087105,0.012437717989087105,0.012437717989087105,True,False,14.435505916760894,14.435505916760894,0.0,0.0,0.0,0.0,535,535,510,False,False,0.3725020114700127,0.06591664600763182,0.06591664600763182,0.0,1,0,0,16.0,22.0
BACKGROUND_018.wav,data/datasets/svanstrom_drone_detection/Data/Audio/BACKGROUND_018.wav,background,,3,1780431588.8194351,suspect,background,background or insufficient evidence,0.0105487871915102,0.0105487871915102,0.0105487871915102,True,False,11.702101808819966,13.863383247747576,0.0,0.0,0.0,0.0,510,510,510,False,False,0.19268880575845795,0.03077140324870922,0.03077140324870922,0.0,1,0,0,16.0,22.0
BACKGROUND_018.wav,data/datasets/svanstrom_drone_detection/Data/Audio/BACKGROUND_018.wav,background,,4,1780431589.0826979,suspect,background,background or insufficient evidence,0.014350702054798603,0.014350702054798603,0.014350702054798603,True,False,13.989424092774867,13.989424092774867,0.0,0.0,0.0,0.0,500,500,510,False,False,0.33845385704236913,0.042225449826710275,0.042225449826710275,0.0,1,0,0,16.0,22.0
BACKGROUND_018.wav,data/datasets/svanstrom_drone_detection/Data/Audio/BACKGROUND_018.wav,background,,5,1780431589.342171,suspect,background,background or insufficient evidence,0.09544723480939865,0.09544723480939865,0.09544723480939865,True,False,14.903398638923601,14.435505916760894,0.0,0.0,0.0,0.0,500,500,510,False,False,0.4096206552884415,0.019385268810129027,0.019385268810129027,0.0,1,0,0,16.0,22.0
BACKGROUND_018.wav,data/datasets/svanstrom_drone_detection/Data/Audio/BACKGROUND_018.wav,background,,6,1780431589.590662,suspect,background,background or insufficient evidence,0.008404425345361233,0.008404425345361233,0.008404425345361233,True,False,14.617157336711884,14.435505916760894,0.0,0.0,0.0,0.0,500,500,510,False,False,0.3867610616977441,0.01016854402494346,0.01016854402494346,0.0,1,0,0,16.0,22.0
BACKGROUND_018.wav,data/datasets/svanstrom_drone_detection/Data/Audio/BACKGROUND_018.wav,background,,7,1780431589.83274,suspect,background,background or insufficient evidence,0.08005589246749878,0.08005589246749878,0.08005589246749878,True,False,14.53963399703151,14.53963399703151,0.0,0.0,0.0,0.0,500,500,510,False,False,0.3806503667395169,0.01297630064940126,0.01297630064940126,0.0,1,0,0,16.0,22.0
BACKGROUND_018.wav,data/datasets/svanstrom_drone_detection/Data/Audio/BACKGROUND_018.wav,background,,8,1780431590.076749,suspect,background,background or insufficient evidence,0.003610847517848015,0.003610847517848015,0.003610847517848015,True,False,13.43861654429965,14.53963399703151,0.0,0.0,0.0,0.0,700,700,700,False,False,0.2986374839256527,0.051378010943699495,0.051378010943699495,0.0,1,0,0,16.0,22.0
BACKGROUND_018.wav,data/datasets/svanstrom_drone_detection/Data/Audio/BACKGROUND_018.wav,background,,9,1780431590.321623,suspect,background,harmonic source detected; awaiting stronger drone evidence,0.004170907195657492,0.004170907195657492,0.004170907195657492,True,False,16.004318745863255,14.617157336711884,0.0007197909772092004,0.0007197909772092004,0.0,0.0,500,500,510,False,False,0.5009855315057994,0.045299843039500534,0.045299843039500534,0.0,1,1,0,16.0,22.0
BACKGROUND_019.wav,data/datasets/svanstrom_drone_detection/Data/Audio/BACKGROUND_019.wav,background,,0,1780431590.585261,background,background,background or insufficient evidence,0.28321972489356995,0.28321972489356995,0.28321972489356995,False,False,13.778950194049779,13.778950194049779,0.0,0.0,0.0,0.0,665,665,665,False,False,0.3229276272825086,0.00646877667019732,0.00646877667019732,0.0,1,0,0,16.0,22.0
BACKGROUND_019.wav,data/datasets/svanstrom_drone_detection/Data/Audio/BACKGROUND_019.wav,background,,1,1780431590.835107,background,background,background or insufficient evidence,0.4218335747718811,0.4218335747718811,0.4218335747718811,False,False,15.498437922678988,14.638694058364383,0.0,0.0,0.0,0.0,600,600,665,False,False,0.4583002462854014,0.006462786856600278,0.006462786856600278,0.0,1,0,0,16.0,22.0
BACKGROUND_019.wav,data/datasets/svanstrom_drone_detection/Data/Audio/BACKGROUND_019.wav,background,,2,1780431591.081321,background,background,background or insufficient evidence,0.2773519456386566,0.2773519456386566,0.2773519456386566,False,False,13.261902750057796,13.778950194049779,0.0,0.0,0.0,0.0,600,600,665,False,False,0.28644783899897813,0.0065842310419112655,0.0065842310419112655,0.0,1,0,0,16.0,22.0
BACKGROUND_019.wav,data/datasets/svanstrom_drone_detection/Data/Audio/BACKGROUND_019.wav,background,,3,1780431591.326533,background,background,background or insufficient evidence,0.07116565108299255,0.07116565108299255,0.07116565108299255,True,False,13.445111171241756,13.612030682645766,0.0,0.0,0.0,0.0,580,580,665,False,False,0.2990911214961683,0.011556987217742731,0.011556987217742731,0.0,1,0,0,16.0,22.0
BACKGROUND_019.wav,data/datasets/svanstrom_drone_detection/Data/Audio/BACKGROUND_019.wav,background,,4,1780431591.575742,background,background,background or insufficient evidence,0.5639058947563171,0.5639058947563171,0.5639058947563171,False,False,13.498635970217393,13.498635970217393,0.0,0.0,0.0,0.0,590,590,665,False,False,0.30284471165534466,0.007941677395221816,0.007941677395221816,0.0,1,0,0,16.0,22.0
BACKGROUND_019.wav,data/datasets/svanstrom_drone_detection/Data/Audio/BACKGROUND_019.wav,background,,5,1780431591.836223,background,background,background or insufficient evidence,0.2747311592102051,0.2747311592102051,0.2747311592102051,False,False,12.456015837634906,13.445111171241756,0.0,0.0,0.0,0.0,620,620,665,False,False,0.2348134925973745,0.007695355019111141,0.007695355019111141,0.0,1,0,0,16.0,22.0
BACKGROUND_019.wav,data/datasets/svanstrom_drone_detection/Data/Audio/BACKGROUND_019.wav,background,,6,1780431592.089747,background,background,background or insufficient evidence,0.28069576621055603,0.28069576621055603,0.28069576621055603,False,False,13.430578473929515,13.430578473929515,0.0,0.0,0.0,0.0,610,610,665,False,False,0.29807658719220886,0.006698960465493184,0.006698960465493184,0.0,1,0,0,16.0,22.0
BACKGROUND_019.wav,data/datasets/svanstrom_drone_detection/Data/Audio/BACKGROUND_019.wav,background,,7,1780431592.334316,background,background,background or insufficient evidence,0.4017678499221802,0.4017678499221802,0.4017678499221802,False,False,13.88240871917398,13.445111171241756,0.0,0.0,0.0,0.0,580,580,665,False,False,0.33051344129418475,0.005335441797879084,0.005335441797879084,0.0,1,0,0,16.0,22.0
BACKGROUND_019.wav,data/datasets/svanstrom_drone_detection/Data/Audio/BACKGROUND_019.wav,background,,8,1780431592.578635,background,background,background or insufficient evidence,0.12320557236671448,0.12320557236671448,0.12320557236671448,True,False,14.133633085894909,13.498635970217393,0.0,0.0,0.0,0.0,535,535,665,False,False,0.3492989203725217,0.004892975737867871,0.004892975737867871,0.0,1,0,0,16.0,22.0
BACKGROUND_019.wav,data/datasets/svanstrom_drone_detection/Data/Audio/BACKGROUND_019.wav,background,,9,1780431592.826874,background,background,background or insufficient evidence,0.5022663474082947,0.5022663474082947,0.5022663474082947,False,False,12.426808956545067,13.430578473929515,0.0,0.0,0.0,0.0,845,845,845,False,False,0.23306875122198725,0.005243775886345694,0.005243775886345694,0.0,1,0,0,16.0,22.0
BACKGROUND_020.wav,data/datasets/svanstrom_drone_detection/Data/Audio/BACKGROUND_020.wav,background,,0,1780431593.081048,suspect,background,harmonic source detected; awaiting stronger drone evidence,0.0016649424796923995,0.0016649424796923995,0.0016649424796923995,True,False,19.62445733083333,19.62445733083333,0.604076221805555,0.604076221805555,0.604076221805555,0.003320726942767492,505,505,505,False,False,0.7702216233610039,0.03232832342428807,0.03232832342428807,0.0,1,1,0,16.0,22.0
BACKGROUND_020.wav,data/datasets/svanstrom_drone_detection/Data/Audio/BACKGROUND_020.wav,background,,1,1780431593.3380811,suspect,background,harmonic source detected; awaiting stronger drone evidence,0.07525663822889328,0.07525663822889328,0.07525663822889328,True,False,18.45243188995092,19.038444610392126,0.40873864832515316,0.40873864832515316,0.506407435065354,0.13103940011834306,535,535,505,False,False,0.704989073701249,0.01675079585725656,0.01675079585725656,0.0,1,1,0,16.0,22.0
BACKGROUND_020.wav,data/datasets/svanstrom_drone_detection/Data/Audio/BACKGROUND_020.wav,background,,2,1780431593.5836,suspect,background,harmonic source detected; awaiting stronger drone evidence,0.095131516456604,0.095131516456604,0.095131516456604,True,False,18.621475156972547,18.621475156972547,0.4369125261620912,0.4369125261620912,0.4369125261620912,0.1562429788579893,540,540,505,True,True,0.7198107154795317,0.02909935756873553,0.02909935756873553,0.0,1,1,0,16.0,22.0
BACKGROUND_020.wav,data/datasets/svanstrom_drone_detection/Data/Audio/BACKGROUND_020.wav,background,,3,1780431593.827044,suspect,background,harmonic source detected; awaiting stronger drone evidence,0.05983620882034302,0.05983620882034302,0.05983620882034302,True,False,19.146170585458304,18.883822871215425,0.5243617642430506,0.5243617642430506,0.4806371452025709,0.10642319796707791,525,525,505,True,True,0.7495051376131894,0.025834067947372093,0.025834067947372093,0.0,1,1,0,16.0,22.0
BACKGROUND_020.wav,data/datasets/svanstrom_drone_detection/Data/Audio/BACKGROUND_020.wav,background,,4,1780431594.07055,suspect,background,harmonic source detected; awaiting stronger drone evidence,0.07477082312107086,0.07477082312107086,0.07477082312107086,True,False,18.410381795468414,18.621475156972547,0.40173029924473563,0.40173029924473563,0.4369125261620912,0.12768930399693576,510,510,505,True,True,0.7019298730875632,0.024620666380651576,0.024620666380651576,0.0,1,1,0,16.0,22.0
BACKGROUND_020.wav,data/datasets/svanstrom_drone_detection/Data/Audio/BACKGROUND_020.wav,background,,5,1780431594.316982,suspect,background,harmonic source detected; awaiting stronger drone evidence,0.514959454536438,0.514959454536438,0.514959454536438,False,False,18.905637221982165,18.621475156972547,0.48427287033036076,0.48427287033036076,0.4369125261620912,0.4727358391609304,500,500,505,True,True,0.802073456360143,0.02861270308339439,0.02861270308339439,0.0,1,1,0,16.0,22.0
BACKGROUND_020.wav,data/datasets/svanstrom_drone_detection/Data/Audio/BACKGROUND_020.wav,background,,6,1780431594.589834,suspect,background,harmonic source detected; awaiting stronger drone evidence,0.02997378259897232,0.02997378259897232,0.02997378259897232,True,False,19.433161840573746,18.905637221982165,0.5721936400956243,0.5721936400956243,0.48427287033036076,0.05645330474987015,535,535,505,True,True,0.7629803054173153,0.02067632675251841,0.02067632675251841,0.0,1,1,0,16.0,22.0
BACKGROUND_020.wav,data/datasets/svanstrom_drone_detection/Data/Audio/BACKGROUND_020.wav,background,,7,1780431594.833292,suspect,background,harmonic source detected; awaiting stronger drone evidence,0.12594594061374664,0.12594594061374664,0.12594594061374664,True,False,19.264404469274556,19.146170585458304,0.5440674115457593,0.5440674115457593,0.5243617642430506,0.2031073400255881,530,530,505,True,True,0.7669222250380647,0.013352007567307093,0.013352007567307093,0.0,1,1,0,16.0,22.0
BACKGROUND_020.wav,data/datasets/svanstrom_drone_detection/Data/Audio/BACKGROUND_020.wav,background,,8,1780431595.0789828,suspect,background,harmonic source detected; awaiting stronger drone evidence,0.0774351954460144,0.0774351954460144,0.0774351954460144,True,False,19.371188155621915,19.264404469274556,0.5618646926036526,0.5618646926036526,0.5440674115457593,0.13557432611782302,620,620,505,True,True,0.7662951029953483,0.01703659436864043,0.01703659436864043,0.0,1,1,0,16.0,22.0
BACKGROUND_020.wav,data/datasets/svanstrom_drone_detection/Data/Audio/BACKGROUND_020.wav,background,,9,1780431595.324841,suspect,background,harmonic source detected; awaiting stronger drone evidence,0.015256506390869617,0.015256506390869617,0.015256506390869617,True,False,19.611384891106532,19.371188155621915,0.6018974818510886,0.6018974818510886,0.5618646926036526,0.02970633355794023,510,510,505,True,True,0.7714876743363694,0.014663819576424564,0.014663819576424564,0.0,1,1,0,16.0,22.0
BACKGROUND_021.wav,data/datasets/svanstrom_drone_detection/Data/Audio/BACKGROUND_021.wav,background,,0,1780431595.578936,suspect,non_drone_harmonic,"harmonic source detected, but ML strongly rejects drone",0.0010819033486768603,0.0010819033486768603,0.0010819033486768603,True,False,23.706531647943674,23.706531647943674,1.0,1.0,1.0,0.002161466038542532,1845,1845,1845,False,False,0.9289915936695289,0.014909907727545435,0.014909907727545435,0.0,1,1,0,16.0,22.0
BACKGROUND_021.wav,data/datasets/svanstrom_drone_detection/Data/Audio/BACKGROUND_021.wav,background,,1,1780431595.8326578,suspect,non_drone_harmonic,"harmonic source detected, but ML strongly rejects drone",0.0008237852016463876,0.0008237852016463876,0.0008237852016463876,True,False,24.349726188186146,24.02812891806491,1.0,1.0,1.0,0.0016462126314755708,1845,1845,1845,False,False,0.9418870780457758,0.015023265107973464,0.015023265107973464,0.0,1,1,0,16.0,22.0
BACKGROUND_021.wav,data/datasets/svanstrom_drone_detection/Data/Audio/BACKGROUND_021.wav,background,,2,1780431596.0872772,suspect,non_drone_harmonic,"harmonic source detected, but ML strongly rejects drone",0.0007767658680677414,0.0007767658680677414,0.0007767658680677414,True,False,22.022486644044488,23.706531647943674,1.0,1.0,1.0,0.0015523243912078325,1845,1845,1845,True,True,0.8816983337721505,0.015274125397113689,0.015274125397113689,0.0,1,1,0,16.0,22.0
BACKGROUND_021.wav,data/datasets/svanstrom_drone_detection/Data/Audio/BACKGROUND_021.wav,background,,3,1780431596.337444,suspect,non_drone_harmonic,"harmonic source detected, but ML strongly rejects drone",0.0005439860979095101,0.0005439860979095101,0.0005439860979095101,True,False,21.075430987792014,22.86450914599408,0.8459051646320024,0.8459051646320024,1.0,0.0010873795890598322,510,510,510,False,False,0.8445436853678923,0.014745802736184107,0.014745802736184107,0.0,1,1,0,16.0,22.0
BACKGROUND_021.wav,data/datasets/svanstrom_drone_detection/Data/Audio/BACKGROUND_021.wav,background,,4,1780431596.583816,suspect,non_drone_harmonic,"harmonic source detected, but ML strongly rejects drone",0.0005379035137593746,0.0005379035137593746,0.0005379035137593746,True,False,20.011561331610086,22.022486644044488,0.6685935552683476,0.6685935552683476,1.0,0.0010752275835958585,505,505,510,False,False,0.7921076677335759,0.017334239155638306,0.017334239155638306,0.0,1,1,0,16.0,22.0
BACKGROUND_021.wav,data/datasets/svanstrom_drone_detection/Data/Audio/BACKGROUND_021.wav,background,,5,1780431596.834668,suspect,non_drone_harmonic,"harmonic source detected, but ML strongly rejects drone",0.0024569984525442123,0.0024569984525442123,0.0024569984525442123,True,False,21.08911732246479,21.08911732246479,0.8481862204107985,0.8481862204107985,0.8481862204107985,0.00489979755297309,530,530,510,False,True,0.8454289105251871,0.009919685992693243,0.009919685992693243,0.0,1,1,0,16.0,22.0
BACKGROUND_021.wav,data/datasets/svanstrom_drone_detection/Data/Audio/BACKGROUND_021.wav,background,,6,1780431597.084896,suspect,non_drone_harmonic,"harmonic source detected, but ML strongly rejects drone",0.0023145070299506187,0.0023145070299506187,0.0023145070299506187,True,False,21.60662950951337,21.08911732246479,0.9344382515855614,0.9344382515855614,0.8481862204107985,0.004616411481621127,525,525,510,False,True,0.866675402048041,0.00907474279943087,0.00907474279943087,0.0,1,1,0,16.0,22.0
BACKGROUND_021.wav,data/datasets/svanstrom_drone_detection/Data/Audio/BACKGROUND_021.wav,background,,7,1780431597.34287,suspect,non_drone_harmonic,"harmonic source detected, but ML strongly rejects drone",0.002999515039846301,0.002999515039846301,0.002999515039846301,True,False,20.755159513958994,21.075430987792014,0.7925265856598323,0.7925265856598323,0.8459051646320024,0.005977826098603011,1230,1230,1230,False,False,0.8303689074683998,0.008776231908916889,0.008776231908916889,0.0,1,1,0,16.0,22.0
BACKGROUND_021.wav,data/datasets/svanstrom_drone_detection/Data/Audio/BACKGROUND_021.wav,background,,8,1780431597.5904052,suspect,non_drone_harmonic,"harmonic source detected, but ML strongly rejects drone",0.0015219954075291753,0.0015219954075291753,0.0015219954075291753,True,False,20.745744373715297,20.755159513958994,0.7909573956192162,0.7909573956192162,0.7925265856598323,0.0030381524088146706,525,525,510,False,False,0.8297038275047172,0.008556266595192335,0.008556266595192335,0.0,1,1,0,16.0,22.0
BACKGROUND_021.wav,data/datasets/svanstrom_drone_detection/Data/Audio/BACKGROUND_021.wav,background,,9,1780431597.83986,suspect,non_drone_harmonic,"harmonic source detected, but ML strongly rejects drone",0.0006835939129814506,0.0006835939129814506,0.0006835939129814506,True,False,18.206475272518112,20.755159513958994,0.36774587875301873,0.36774587875301873,0.7925265856598323,0.0013660078520950835,510,510,510,False,False,0.6761117812299745,0.02249322890232275,0.02249322890232275,0.0,1,1,0,16.0,22.0
BACKGROUND_022.wav,data/datasets/svanstrom_drone_detection/Data/Audio/BACKGROUND_022.wav,background,,0,1780431598.093048,suspect,background,harmonic source detected; awaiting stronger drone evidence,0.001124663045629859,0.001124663045629859,0.001124663045629859,True,False,20.423715956930106,20.423715956930106,0.7372859928216844,0.7372859928216844,0.7372859928216844,0.0022458971323065604,515,515,515,False,False,0.8139200103614679,0.015561071894410984,0.015561071894410984,0.0,1,1,0,16.0,22.0
BACKGROUND_022.wav,data/datasets/svanstrom_drone_detection/Data/Audio/BACKGROUND_022.wav,background,,1,1780431598.3535428,suspect,background,harmonic source detected; awaiting stronger drone evidence,0.0015298387734219432,0.0015298387734219432,0.0015298387734219432,True,False,18.854107602651965,19.638911779791037,0.4756846004419941,0.4756846004419941,0.6064852966318393,0.0030519740127596218,510,510,515,False,False,0.7216199278146136,0.016573201219369716,0.016573201219369716,0.0,1,1,0,16.0,22.0
BACKGROUND_022.wav,data/datasets/svanstrom_drone_detection/Data/Audio/BACKGROUND_022.wav,background,,2,1780431598.615689,suspect,background,harmonic source detected; awaiting stronger drone evidence,0.0005197981372475624,0.0005197981372475624,0.0005197981372475624,True,False,18.579168838018898,18.854107602651965,0.42986147300314964,0.42986147300314964,0.4756846004419941,0.0010384593285368013,500,500,515,True,True,0.7026807362959852,0.011863852667972585,0.011863852667972585,0.0,1,1,0,16.0,22.0
BACKGROUND_022.wav,data/datasets/svanstrom_drone_detection/Data/Audio/BACKGROUND_022.wav,background,,3,1780431598.86545,suspect,background,background or insufficient evidence,0.0021109029185026884,0.0021109029185026884,0.0021109029185026884,True,False,9.541748707565754,18.716638220335433,0.0,0.0,0.45277303672257185,0.004202205179143285,500,500,515,True,True,0.10407448531827333,0.01616580441510941,0.01616580441510941,0.0,1,0,0,16.0,22.0
BACKGROUND_022.wav,data/datasets/svanstrom_drone_detection/Data/Audio/BACKGROUND_022.wav,background,,4,1780431599.114259,suspect,background,background or insufficient evidence,0.0010731344809755683,0.0010731344809755683,0.0010731344809755683,True,False,7.583726215707066,18.579168838018898,0.0,0.0,0.42986147300314964,0.0021409192497030853,1115,1115,515,True,True,0.057031743969185436,0.014920517142019163,0.014920517142019163,0.0,1,0,0,16.0,22.0
BACKGROUND_022.wav,data/datasets/svanstrom_drone_detection/Data/Audio/BACKGROUND_022.wav,background,,5,1780431599.360909,suspect,background,harmonic source detected; awaiting stronger drone evidence,0.015063781291246414,0.015063781291246414,0.015063781291246414,True,False,18.8609787062328,18.579168838018898,0.47682978437213325,0.47682978437213325,0.42986147300314964,0.029107471866867667,580,580,515,True,True,0.7241101181788416,0.0010142975476865183,0.0010142975476865183,0.0,1,1,0,16.0,22.0
BACKGROUND_022.wav,data/datasets/svanstrom_drone_detection/Data/Audio/BACKGROUND_022.wav,background,,6,1780431599.610215,suspect,non_drone_harmonic,"harmonic source detected, but ML strongly rejects drone",0.0007967447745613754,0.0007967447745613754,0.0007967447745613754,True,False,22.396263047864863,18.579168838018898,1.0,1.0,0.42986147300314964,0.0015905378000166002,1845,1845,1845,False,False,0.894102547911699,0.015579877137668736,0.015579877137668736,0.0,1,1,0,16.0,22.0
BACKGROUND_022.wav,data/datasets/svanstrom_drone_detection/Data/Audio/BACKGROUND_022.wav,background,,7,1780431599.868887,suspect,background,harmonic source detected; awaiting stronger drone evidence,0.0006867238553240895,0.0006867238553240895,0.0006867238553240895,True,False,20.33508119328143,18.8609787062328,0.7225135322135715,0.7225135322135715,0.47682978437213325,0.00137146966222403,505,505,515,False,False,0.8093349228611504,0.015195696020718592,0.015195696020718592,0.0,1,1,0,16.0,22.0
BACKGROUND_022.wav,data/datasets/svanstrom_drone_detection/Data/Audio/BACKGROUND_022.wav,background,,8,1780431600.1185029,suspect,non_drone_harmonic,"harmonic source detected, but ML strongly rejects drone",0.0009558539022691548,0.0009558539022691548,0.0009558539022691548,True,False,21.434025892684698,20.33508119328143,0.9056709821141163,0.9056709821141163,0.7225135322135715,0.0019091794010156835,505,505,515,False,False,0.8596673626618535,0.019218690726752367,0.019218690726752367,0.0,1,1,0,16.0,22.0
BACKGROUND_022.wav,data/datasets/svanstrom_drone_detection/Data/Audio/BACKGROUND_022.wav,background,,9,1780431600.367745,suspect,non_drone_harmonic,"harmonic source detected, but ML strongly rejects drone",0.0015958977164700627,0.0015958977164700627,0.0015958977164700627,True,False,22.528143337430958,21.434025892684698,1.0,1.0,0.9056709821141163,0.003186177499194633,500,500,515,False,True,0.8983172628981413,0.014180441966939936,0.014180441966939936,0.0,1,1,0,16.0,22.0
BACKGROUND_023.wav,data/datasets/svanstrom_drone_detection/Data/Audio/BACKGROUND_023.wav,background,,0,1780431600.616801,background,background,background or insufficient evidence,0.4175876975059509,0.4175876975059509,0.4175876975059509,False,False,14.317067531154072,14.317067531154072,0.0,0.0,0.0,0.0,600,600,600,False,False,0.3633213176638919,0.006945722911606138,0.006945722911606138,0.0,1,0,0,16.0,22.0
BACKGROUND_023.wav,data/datasets/svanstrom_drone_detection/Data/Audio/BACKGROUND_023.wav,background,,1,1780431600.864078,background,background,background or insufficient evidence,0.6407490968704224,0.6407490968704224,0.6407490968704224,False,False,13.386911783842097,13.851989657498084,0.0,0.0,0.0,0.0,560,560,600,False,False,0.2950401493086818,0.006325647029430954,0.006325647029430954,0.0,1,0,0,16.0,22.0
BACKGROUND_023.wav,data/datasets/svanstrom_drone_detection/Data/Audio/BACKGROUND_023.wav,background,,2,1780431601.119584,background,background,background or insufficient evidence,0.5763307213783264,0.5763307213783264,0.5763307213783264,False,False,15.02232999313486,14.317067531154072,0.0,0.0,0.0,0.0,555,555,600,False,False,0.41924098365684215,0.005043359548914519,0.005043359548914519,0.0,1,0,0,16.0,22.0
BACKGROUND_023.wav,data/datasets/svanstrom_drone_detection/Data/Audio/BACKGROUND_023.wav,background,,3,1780431601.373981,background,background,background or insufficient evidence,0.08431222289800644,0.08431222289800644,0.08431222289800644,True,False,12.252681247739995,13.851989657498084,0.0,0.0,0.0,0.0,515,515,600,False,False,0.22285488944083384,0.005088371140999449,0.005088371140999449,0.0,1,0,0,16.0,22.0
BACKGROUND_023.wav,data/datasets/svanstrom_drone_detection/Data/Audio/BACKGROUND_023.wav,background,,4,1780431601.62292,background,background,background or insufficient evidence,0.008197142742574215,0.008197142742574215,0.008197142742574215,True,False,9.44087269533312,13.386911783842097,0.0,0.0,0.0,0.0,905,905,905,False,False,0.10098063870697058,0.00622171655805781,0.00622171655805781,0.0,1,0,0,16.0,22.0
BACKGROUND_023.wav,data/datasets/svanstrom_drone_detection/Data/Audio/BACKGROUND_023.wav,background,,5,1780431601.8716989,background,background,background or insufficient evidence,0.030685458332300186,0.030685458332300186,0.030685458332300186,True,False,10.080672749544917,12.252681247739995,0.0,0.0,0.0,0.0,570,570,600,False,False,0.1220553325105895,0.0063792760793630904,0.0063792760793630904,0.0,1,0,0,16.0,22.0
BACKGROUND_023.wav,data/datasets/svanstrom_drone_detection/Data/Audio/BACKGROUND_023.wav,background,,6,1780431602.121438,background,background,background or insufficient evidence,0.08085468411445618,0.08085468411445618,0.08085468411445618,True,False,12.918668906618821,12.252681247739995,0.0,0.0,0.0,0.0,510,510,600,False,False,0.2636447036855011,0.006419849093754084,0.006419849093754084,0.0,1,0,0,16.0,22.0
BACKGROUND_023.wav,data/datasets/svanstrom_drone_detection/Data/Audio/BACKGROUND_023.wav,background,,7,1780431602.370024,background,background,background or insufficient evidence,0.03959779813885689,0.03959779813885689,0.03959779813885689,True,False,14.10999710946754,12.252681247739995,0.0,0.0,0.0,0.0,685,685,600,False,False,0.34751031933413457,0.007651828216263642,0.007651828216263642,0.0,1,0,0,16.0,22.0
BACKGROUND_023.wav,data/datasets/svanstrom_drone_detection/Data/Audio/BACKGROUND_023.wav,background,,8,1780431602.627221,background,background,background or insufficient evidence,0.03699013590812683,0.03699013590812683,0.03699013590812683,True,False,12.046476142210231,12.046476142210231,0.0,0.0,0.0,0.0,545,545,600,False,False,0.2111776714501979,0.005735228987504179,0.005735228987504179,0.0,1,0,0,16.0,22.0
BACKGROUND_023.wav,data/datasets/svanstrom_drone_detection/Data/Audio/BACKGROUND_023.wav,background,,9,1780431602.872137,background,background,background or insufficient evidence,0.09895734488964081,0.09895734488964081,0.09895734488964081,True,False,12.691189268354151,12.691189268354151,0.0,0.0,0.0,0.0,655,655,600,False,False,0.24919001038450087,0.00600242106500544,0.00600242106500544,0.0,1,0,0,16.0,22.0
BACKGROUND_024.wav,data/datasets/svanstrom_drone_detection/Data/Audio/BACKGROUND_024.wav,background,,0,1780431603.125509,suspect,non_drone_harmonic,"harmonic source detected, but ML strongly rejects drone",0.033704724162817,0.033704724162817,0.033704724162817,True,False,25.553423450260944,25.553423450260944,1.0,1.0,1.0,0.0652114492064247,500,500,500,False,False,0.9653015348101499,0.08949821911679767,0.08949821911679767,0.0,1,1,0,16.0,22.0
BACKGROUND_024.wav,data/datasets/svanstrom_drone_detection/Data/Audio/BACKGROUND_024.wav,background,,1,1780431603.374601,suspect,non_drone_harmonic,"harmonic source detected, but ML strongly rejects drone",0.040965933352708817,0.040965933352708817,0.040965933352708817,True,False,25.143380967719672,25.348402208990308,1.0,1.0,1.0,0.07870746330196525,500,500,500,False,False,0.9608320667131777,0.03882795277821139,0.03882795277821139,0.0,1,1,0,16.0,22.0
BACKGROUND_024.wav,data/datasets/svanstrom_drone_detection/Data/Audio/BACKGROUND_024.wav,background,,2,1780431603.629458,suspect,non_drone_harmonic,"harmonic source detected, but ML strongly rejects drone",0.013030261732637882,0.013030261732637882,0.013030261732637882,True,False,24.302655685429844,25.143380967719672,1.0,1.0,1.0,0.025725290471987166,500,500,500,True,True,0.9428515339278745,0.02145507355027103,0.02145507355027103,0.0,1,1,0,16.0,22.0
BACKGROUND_024.wav,data/datasets/svanstrom_drone_detection/Data/Audio/BACKGROUND_024.wav,background,,3,1780431603.887223,suspect,non_drone_harmonic,"harmonic source detected, but ML strongly rejects drone",0.07950778305530548,0.07950778305530548,0.07950778305530548,True,False,24.68682715062427,24.915104059171973,1.0,1.0,1.0,0.1473036334735076,500,500,500,True,True,0.9595551167268703,0.03316640784526985,0.03316640784526985,0.0,1,1,0,16.0,22.0
BACKGROUND_024.wav,data/datasets/svanstrom_drone_detection/Data/Audio/BACKGROUND_024.wav,background,,4,1780431604.134654,suspect,non_drone_harmonic,"harmonic source detected, but ML strongly rejects drone",0.016444142907857895,0.016444142907857895,0.016444142907857895,True,False,23.025467345016718,24.68682715062427,1.0,1.0,1.0,0.03235618374999423,500,500,500,True,True,0.9147486549665333,0.02322078770004041,0.02322078770004041,0.0,1,1,0,16.0,22.0
BACKGROUND_024.wav,data/datasets/svanstrom_drone_detection/Data/Audio/BACKGROUND_024.wav,background,,5,1780431604.381523,suspect,non_drone_harmonic,"harmonic source detected, but ML strongly rejects drone",0.06985872238874435,0.06985872238874435,0.06985872238874435,True,False,21.418210168295023,24.302655685429844,0.9030350280491705,0.9030350280491705,1.0,0.1305941721644896,505,505,500,True,True,0.8693650422424765,0.013990639735108388,0.013990639735108388,0.0,1,1,0,16.0,22.0
BACKGROUND_024.wav,data/datasets/svanstrom_drone_detection/Data/Audio/BACKGROUND_024.wav,background,,6,1780431604.630605,suspect,non_drone_harmonic,"harmonic source detected, but ML strongly rejects drone",0.044863875955343246,0.044863875955343246,0.044863875955343246,True,False,18.828009676563152,23.025467345016718,0.4713349460938587,0.4713349460938587,1.0,0.08587498151724779,500,500,500,True,True,0.7263682289756471,0.038069778010698475,0.038069778010698475,0.0,1,1,0,16.0,22.0
BACKGROUND_024.wav,data/datasets/svanstrom_drone_detection/Data/Audio/BACKGROUND_024.wav,background,,7,1780431604.880277,suspect,non_drone_harmonic,"harmonic source detected, but ML strongly rejects drone",0.023105990141630173,0.023105990141630173,0.023105990141630173,True,False,16.543752301598577,21.418210168295023,0.0906253835997628,0.0906253835997628,0.9030350280491705,0.04505900400979802,500,500,500,True,True,0.5486549460553637,0.011953900799120575,0.011953900799120575,0.0,1,1,0,16.0,22.0
BACKGROUND_024.wav,data/datasets/svanstrom_drone_detection/Data/Audio/BACKGROUND_024.wav,background,,8,1780431605.1404219,suspect,background,background or insufficient evidence,0.02162499539554119,0.02162499539554119,0.02162499539554119,True,False,12.90562515261541,18.828009676563152,0.0,0.0,0.4713349460938587,0.041352631339278315,510,510,500,True,True,0.26280148338693865,0.004041558321327248,0.004041558321327248,0.0,1,0,0,16.0,22.0
BACKGROUND_024.wav,data/datasets/svanstrom_drone_detection/Data/Audio/BACKGROUND_024.wav,background,,9,1780431605.392193,suspect,background,background or insufficient evidence,0.1275394856929779,0.1275394856929779,0.1275394856929779,True,False,12.193606598990328,16.543752301598577,0.0,0.0,0.0906253835997628,0.10595896464018696,500,500,500,True,False,0.21946311830224527,0.005283043833033464,0.005283043833033464,0.0,1,0,0,16.0,22.0
BACKGROUND_025.wav,data/datasets/svanstrom_drone_detection/Data/Audio/BACKGROUND_025.wav,background,,0,1780431605.648416,background,background,background or insufficient evidence,0.05012243241071701,0.05012243241071701,0.05012243241071701,True,False,12.772614869203377,12.772614869203377,0.0,0.0,0.0,0.0,810,810,810,False,False,0.2543025900949952,0.005590765977097667,0.005590765977097667,0.0,1,0,0,16.0,22.0
BACKGROUND_025.wav,data/datasets/svanstrom_drone_detection/Data/Audio/BACKGROUND_025.wav,background,,1,1780431605.9020622,background,background,background or insufficient evidence,0.012130090966820717,0.012130090966820717,0.012130090966820717,True,False,12.041504059241115,12.407059464222247,0.0,0.0,0.0,0.0,525,525,525,False,False,0.21090171765863575,0.005610866162007095,0.005610866162007095,0.0,1,0,0,16.0,22.0
BACKGROUND_025.wav,data/datasets/svanstrom_drone_detection/Data/Audio/BACKGROUND_025.wav,background,,2,1780431606.1546502,background,background,background or insufficient evidence,0.023229917511343956,0.023229917511343956,0.023229917511343956,True,False,9.983274790834491,12.041504059241115,0.0,0.0,0.0,0.0,800,800,810,False,False,0.11861881701360845,0.0046755180671255135,0.0046755180671255135,0.0,1,0,0,16.0,22.0
BACKGROUND_025.wav,data/datasets/svanstrom_drone_detection/Data/Audio/BACKGROUND_025.wav,background,,3,1780431606.4132621,background,background,background or insufficient evidence,0.01159592904150486,0.01159592904150486,0.01159592904150486,True,False,10.544030500582354,11.292767279911734,0.0,0.0,0.0,0.0,1975,1975,1975,False,False,0.1395951604350688,0.004445258644315504,0.004445258644315504,0.0,1,0,0,16.0,22.0
BACKGROUND_025.wav,data/datasets/svanstrom_drone_detection/Data/Audio/BACKGROUND_025.wav,background,,4,1780431606.667287,background,background,background or insufficient evidence,0.007728122640401125,0.007728122640401125,0.007728122640401125,True,False,12.677730744815808,12.041504059241115,0.0,0.0,0.0,0.0,505,505,525,False,False,0.24835161723116447,0.004889171538081123,0.004889171538081123,0.0,1,0,0,16.0,22.0
BACKGROUND_025.wav,data/datasets/svanstrom_drone_detection/Data/Audio/BACKGROUND_025.wav,background,,5,1780431606.915901,background,background,background or insufficient evidence,0.4192312955856323,0.4192312955856323,0.4192312955856323,False,False,12.320290815511207,12.041504059241115,0.0,0.0,0.0,0.0,2190,2190,2190,False,False,0.2267823673890502,0.007122843403845925,0.007122843403845925,0.0,1,0,0,16.0,22.0
BACKGROUND_025.wav,data/datasets/svanstrom_drone_detection/Data/Audio/BACKGROUND_025.wav,background,,6,1780431607.162692,background,background,background or insufficient evidence,0.11051840335130692,0.11051840335130692,0.11051840335130692,True,False,15.325040559868539,12.320290815511207,0.0,0.0,0.0,0.0,2090,2090,2190,False,False,0.44398944702733373,0.010148072461557184,0.010148072461557184,0.0,1,0,0,16.0,22.0
BACKGROUND_025.wav,data/datasets/svanstrom_drone_detection/Data/Audio/BACKGROUND_025.wav,background,,7,1780431607.4117131,background,background,background or insufficient evidence,0.055404867976903915,0.055404867976903915,0.055404867976903915,True,False,14.513623407482594,12.677730744815808,0.0,0.0,0.0,0.0,2195,2195,2190,False,False,0.3786084445351083,0.010603748857484711,0.010603748857484711,0.0,1,0,0,16.0,22.0
BACKGROUND_025.wav,data/datasets/svanstrom_drone_detection/Data/Audio/BACKGROUND_025.wav,background,,8,1780431607.667593,suspect,background,harmonic source detected; awaiting stronger drone evidence,0.08808961510658264,0.08808961510658264,0.08808961510658264,True,False,17.71100588662598,14.513623407482594,0.2851676477709966,0.2851676477709966,0.0,0.0,2100,2100,2190,False,False,0.6520539815110926,0.01012431941196266,0.01012431941196266,0.0,1,1,0,16.0,22.0
BACKGROUND_025.wav,data/datasets/svanstrom_drone_detection/Data/Audio/BACKGROUND_025.wav,background,,9,1780431607.93188,suspect,background,background or insufficient evidence,0.3088044226169586,0.3088044226169586,0.3088044226169586,False,False,9.497818468132756,14.513623407482594,0.0,0.0,0.0,0.0,2100,2100,2190,False,False,0.10271698438105681,0.007600898244218076,0.007600898244218076,0.0,1,0,0,16.0,22.0
BACKGROUND_026.wav,data/datasets/svanstrom_drone_detection/Data/Audio/BACKGROUND_026.wav,background,,0,1780431608.1890361,suspect,background,harmonic source detected; awaiting stronger drone evidence,0.23077310621738434,0.23077310621738434,0.23077310621738434,False,False,17.62713658344542,17.62713658344542,0.27118943057423667,0.27118943057423667,0.27118943057423667,0.24935367882277207,570,570,570,False,False,0.666981593673446,0.001134980606701099,0.001134980606701099,0.0,1,1,0,16.0,22.0
BACKGROUND_026.wav,data/datasets/svanstrom_drone_detection/Data/Audio/BACKGROUND_026.wav,background,,1,1780431608.4403992,suspect,background,background or insufficient evidence,0.0009542388143017888,0.0009542388143017888,0.0009542388143017888,True,False,11.395944693955936,14.511540638700678,0.0,0.0,0.13559471528711833,0.0018951268228924697,885,885,885,False,False,0.17730923329055429,0.02337915247155628,0.02337915247155628,0.0,1,0,0,16.0,22.0
BACKGROUND_026.wav,data/datasets/svanstrom_drone_detection/Data/Audio/BACKGROUND_026.wav,background,,2,1780431608.689583,suspect,background,harmonic source detected; awaiting stronger drone evidence,0.0010920901549980044,0.0010920901549980044,0.0010920901549980044,True,False,17.984708130574184,17.62713658344542,0.33078468842903064,0.33078468842903064,0.27118943057423667,0.002175411822076906,500,500,885,False,False,0.6597766525527707,0.0027083439955571356,0.0027083439955571356,0.0,1,1,0,16.0,22.0
BACKGROUND_026.wav,data/datasets/svanstrom_drone_detection/Data/Audio/BACKGROUND_026.wav,background,,3,1780431608.9396951,suspect,non_drone_harmonic,"harmonic source detected, but ML strongly rejects drone",0.005975130945444107,0.005975130945444107,0.005975130945444107,True,False,23.619852794008143,17.805922357009802,1.0,1.0,0.3009870595016336,0.011717607513702847,1845,1845,885,False,False,0.9277917713851008,0.010717490785363323,0.010717490785363323,0.0,1,1,0,16.0,22.0
BACKGROUND_026.wav,data/datasets/svanstrom_drone_detection/Data/Audio/BACKGROUND_026.wav,background,,4,1780431609.2000582,suspect,non_drone_harmonic,"harmonic source detected, but ML strongly rejects drone",0.0013405813369899988,0.0013405813369899988,0.0013405813369899988,True,False,25.531161346956644,17.984708130574184,1.0,1.0,0.33078468842903064,0.0026703324623036377,1845,1845,885,False,True,0.9601626676856087,0.01423089018876619,0.01423089018876619,0.0,1,1,0,16.0,22.0
BACKGROUND_026.wav,data/datasets/svanstrom_drone_detection/Data/Audio/BACKGROUND_026.wav,background,,5,1780431609.4500742,suspect,non_drone_harmonic,"harmonic source detected, but ML strongly rejects drone",0.0018362217815592885,0.0018362217815592885,0.0018362217815592885,True,False,23.25738506474317,23.25738506474317,1.0,1.0,1.0,0.0036657088429873862,1845,1845,885,True,True,0.9185497876810689,0.014758406342051188,0.014758406342051188,0.0,1,1,0,16.0,22.0
BACKGROUND_026.wav,data/datasets/svanstrom_drone_detection/Data/Audio/BACKGROUND_026.wav,background,,6,1780431609.696428,suspect,non_drone_harmonic,"harmonic source detected, but ML strongly rejects drone",0.0023341954220086336,0.0023341954220086336,0.0023341954220086336,True,False,23.385130336153313,23.385130336153313,1.0,1.0,1.0,0.004657514637158636,1845,1845,885,True,True,0.921763711644024,0.013438695916557494,0.013438695916557494,0.0,1,1,0,16.0,22.0
BACKGROUND_026.wav,data/datasets/svanstrom_drone_detection/Data/Audio/BACKGROUND_026.wav,background,,7,1780431609.95552,suspect,non_drone_harmonic,"harmonic source detected, but ML strongly rejects drone",0.0025502063799649477,0.0025502063799649477,0.0025502063799649477,True,False,21.9874322479231,23.385130336153313,0.9979053746538499,0.9979053746538499,1.0,0.005087433666701758,1845,1845,885,True,True,0.8807390623449352,0.01479597239518316,0.01479597239518316,0.0,1,1,0,16.0,22.0
BACKGROUND_026.wav,data/datasets/svanstrom_drone_detection/Data/Audio/BACKGROUND_026.wav,background,,8,1780431610.214039,suspect,non_drone_harmonic,"harmonic source detected, but ML strongly rejects drone",0.001292529865168035,0.001292529865168035,0.001292529865168035,True,False,22.13791131849051,23.25738506474317,1.0,1.0,1.0,0.0025817201981562475,1845,1845,885,True,True,0.8857336998773483,0.015711268640281308,0.015711268640281308,0.0,1,1,0,16.0,22.0
BACKGROUND_026.wav,data/datasets/svanstrom_drone_detection/Data/Audio/BACKGROUND_026.wav,background,,9,1780431610.4775748,suspect,non_drone_harmonic,"harmonic source detected, but ML strongly rejects drone",0.0008127546170726418,0.0008127546170726418,0.0008127546170726418,True,False,22.985785584030747,22.985785584030747,1.0,1.0,1.0,0.0016241875440323357,1845,1845,885,True,True,0.9113396668781539,0.015166540904481392,0.015166540904481392,0.0,1,1,0,16.0,22.0
BACKGROUND_027.wav,data/datasets/svanstrom_drone_detection/Data/Audio/BACKGROUND_027.wav,background,,0,1780431610.733927,background,background,background or insufficient evidence,0.07459864020347595,0.07459864020347595,0.07459864020347595,True,False,12.065680559145747,12.065680559145747,0.0,0.0,0.0,0.0,515,515,515,False,False,0.21224601094249232,0.011595725535279213,0.011595725535279213,0.0,1,0,0,16.0,22.0
BACKGROUND_027.wav,data/datasets/svanstrom_drone_detection/Data/Audio/BACKGROUND_027.wav,background,,1,1780431610.994424,background,background,background or insufficient evidence,0.006104681175202131,0.006104681175202131,0.006104681175202131,True,False,11.399699780942495,11.73269017004412,0.0,0.0,0.0,0.0,500,500,515,False,False,0.17749189272852334,0.016650281033045014,0.016650281033045014,0.0,1,0,0,16.0,22.0
BACKGROUND_027.wav,data/datasets/svanstrom_drone_detection/Data/Audio/BACKGROUND_027.wav,background,,2,1780431611.242045,background,background,background or insufficient evidence,0.012862973846495152,0.012862973846495152,0.012862973846495152,True,False,12.381901030255078,12.065680559145747,0.0,0.0,0.0,0.0,505,505,515,False,False,0.23040372021637737,0.014342823057009194,0.014342823057009194,0.0,1,0,0,16.0,22.0
BACKGROUND_027.wav,data/datasets/svanstrom_drone_detection/Data/Audio/BACKGROUND_027.wav,background,,3,1780431611.497736,background,background,background or insufficient evidence,0.01175790186971426,0.01175790186971426,0.01175790186971426,True,False,12.25732619562967,12.161503377387708,0.0,0.0,0.0,0.0,550,550,515,False,False,0.2231231582551942,0.007036552554519767,0.007036552554519767,0.0,1,0,0,16.0,22.0
BACKGROUND_027.wav,data/datasets/svanstrom_drone_detection/Data/Audio/BACKGROUND_027.wav,background,,4,1780431611.760063,background,background,background or insufficient evidence,0.02801566757261753,0.02801566757261753,0.02801566757261753,True,False,12.005640037887863,12.065680559145747,0.0,0.0,0.0,0.0,505,505,515,False,False,0.20891907053938172,0.006101283054360389,0.006101283054360389,0.0,1,0,0,16.0,22.0
BACKGROUND_027.wav,data/datasets/svanstrom_drone_detection/Data/Audio/BACKGROUND_027.wav,background,,5,1780431612.008935,background,background,background or insufficient evidence,0.010921044275164604,0.010921044275164604,0.010921044275164604,True,False,12.613391293028597,12.25732619562967,0.0,0.0,0.0,0.0,630,630,515,False,False,0.2443697782726867,0.0032167527434195,0.0032167527434195,0.0,1,0,0,16.0,22.0
BACKGROUND_027.wav,data/datasets/svanstrom_drone_detection/Data/Audio/BACKGROUND_027.wav,background,,6,1780431612.252018,suspect,background,harmonic source detected; awaiting stronger drone evidence,0.09463536739349365,0.09463536739349365,0.09463536739349365,True,False,16.010090561527036,12.381901030255078,0.0016817602545060595,0.0016817602545060595,0.0,0.0,500,500,515,False,False,0.5150361844435193,0.006301646516193337,0.006301646516193337,0.0,1,1,0,16.0,22.0
BACKGROUND_027.wav,data/datasets/svanstrom_drone_detection/Data/Audio/BACKGROUND_027.wav,background,,7,1780431612.495858,suspect,background,harmonic source detected; awaiting stronger drone evidence,0.09366990625858307,0.09366990625858307,0.09366990625858307,True,False,17.73011670597618,12.613391293028597,0.28835278432936323,0.28835278432936323,0.0,0.0,545,545,515,False,False,0.6543594918945314,0.010612440377340748,0.010612440377340748,0.0,1,1,0,16.0,22.0
BACKGROUND_027.wav,data/datasets/svanstrom_drone_detection/Data/Audio/BACKGROUND_027.wav,background,,8,1780431612.7398698,suspect,background,harmonic source detected; awaiting stronger drone evidence,0.09240997582674026,0.09240997582674026,0.09240997582674026,True,False,19.91432288126747,16.010090561527036,0.6523871468779117,0.6523871468779117,0.0016817602545060595,0.0033033671022401623,565,565,515,False,False,0.8004988886974637,0.012506291789553061,0.012506291789553061,0.0,1,1,0,16.0,22.0
BACKGROUND_027.wav,data/datasets/svanstrom_drone_detection/Data/Audio/BACKGROUND_027.wav,background,,9,1780431613.00084,suspect,background,harmonic source detected; awaiting stronger drone evidence,0.09912972152233124,0.09912972152233124,0.09912972152233124,True,False,17.50638723173078,17.50638723173078,0.25106453862179673,0.25106453862179673,0.25106453862179673,0.142137605103326,510,510,515,False,True,0.6378289998795023,0.005566971152058,0.005566971152058,0.0,1,1,0,16.0,22.0
BACKGROUND_028.wav,data/datasets/svanstrom_drone_detection/Data/Audio/BACKGROUND_028.wav,background,,0,1780431613.259477,background,background,background or insufficient evidence,0.002883361419662833,0.002883361419662833,0.002883361419662833,True,False,11.626208573994829,11.626208573994829,0.0,0.0,0.0,0.0,860,860,860,False,False,0.18878405770729126,0.005734284116024232,0.005734284116024232,0.0,1,0,0,16.0,22.0
BACKGROUND_028.wav,data/datasets/svanstrom_drone_detection/Data/Audio/BACKGROUND_028.wav,background,,1,1780431613.5149848,background,background,background or insufficient evidence,0.1198437511920929,0.1198437511920929,0.1198437511920929,True,False,11.966499326498093,11.796353950246461,0.0,0.0,0.0,0.0,510,510,510,False,False,0.2067709723714902,0.006910845346064374,0.006910845346064374,0.0,1,0,0,16.0,22.0
BACKGROUND_028.wav,data/datasets/svanstrom_drone_detection/Data/Audio/BACKGROUND_028.wav,background,,2,1780431613.762104,background,background,background or insufficient evidence,0.009318147785961628,0.009318147785961628,0.009318147785961628,True,False,12.012412216911068,11.966499326498093,0.0,0.0,0.0,0.0,580,580,510,False,False,0.2092923993037397,0.005557652817227416,0.005557652817227416,0.0,1,0,0,16.0,22.0
BACKGROUND_028.wav,data/datasets/svanstrom_drone_detection/Data/Audio/BACKGROUND_028.wav,background,,3,1780431614.014561,background,background,background or insufficient evidence,0.02142447791993618,0.02142447791993618,0.02142447791993618,True,False,11.38984697460275,11.796353950246461,0.0,0.0,0.0,0.0,1920,1920,1920,False,False,0.17701293493181997,0.005495224314286911,0.005495224314286911,0.0,1,0,0,16.0,22.0
BACKGROUND_028.wav,data/datasets/svanstrom_drone_detection/Data/Audio/BACKGROUND_028.wav,background,,4,1780431614.271908,background,background,background or insufficient evidence,0.009164266288280487,0.009164266288280487,0.009164266288280487,True,False,10.593381063358434,11.626208573994829,0.0,0.0,0.0,0.0,1955,1955,1920,False,False,0.14158270413464477,0.0051026219104017894,0.0051026219104017894,0.0,1,0,0,16.0,22.0
BACKGROUND_028.wav,data/datasets/svanstrom_drone_detection/Data/Audio/BACKGROUND_028.wav,background,,5,1780431614.52729,background,background,background or insufficient evidence,0.22566662728786469,0.22566662728786469,0.22566662728786469,False,False,11.577200154225764,11.577200154225764,0.0,0.0,0.0,0.0,690,690,690,False,False,0.1862949755004174,0.01061535853757011,0.01061535853757011,0.0,1,0,0,16.0,22.0
BACKGROUND_028.wav,data/datasets/svanstrom_drone_detection/Data/Audio/BACKGROUND_028.wav,background,,6,1780431614.777291,background,background,background or insufficient evidence,0.011897396296262741,0.011897396296262741,0.011897396296262741,True,False,12.208455157643602,11.577200154225764,0.0,0.0,0.0,0.0,535,535,510,False,False,0.22031214349649342,0.00959509059854612,0.00959509059854612,0.0,1,0,0,16.0,22.0
BACKGROUND_028.wav,data/datasets/svanstrom_drone_detection/Data/Audio/BACKGROUND_028.wav,background,,7,1780431615.028662,background,background,background or insufficient evidence,0.004398903343826532,0.004398903343826532,0.004398903343826532,True,False,10.76142477397102,11.38984697460275,0.0,0.0,0.0,0.0,540,540,510,False,False,0.1485281747461391,0.0072209367820606695,0.0072209367820606695,0.0,1,0,0,16.0,22.0
BACKGROUND_028.wav,data/datasets/svanstrom_drone_detection/Data/Audio/BACKGROUND_028.wav,background,,8,1780431615.27865,background,background,background or insufficient evidence,0.0030610093381255865,0.0030610093381255865,0.0030610093381255865,True,False,10.983929101185206,10.983929101185206,0.0,0.0,0.0,0.0,520,520,510,False,False,0.15815456250132567,0.008487277908565235,0.008487277908565235,0.0,1,0,0,16.0,22.0
BACKGROUND_028.wav,data/datasets/svanstrom_drone_detection/Data/Audio/BACKGROUND_028.wav,background,,9,1780431615.533132,background,background,background or insufficient evidence,0.24007000029087067,0.24007000029087067,0.24007000029087067,False,False,12.373622745095004,11.577200154225764,0.0,0.0,0.0,0.0,1095,1095,510,False,False,0.22991478836097615,0.00606639120292774,0.00606639120292774,0.0,1,0,0,16.0,22.0
BACKGROUND_029.wav,data/datasets/svanstrom_drone_detection/Data/Audio/BACKGROUND_029.wav,background,,0,1780431615.797121,suspect,background,harmonic source detected; awaiting stronger drone evidence,0.0008510476909577847,0.0008510476909577847,0.0008510476909577847,True,False,18.51843441341136,18.51843441341136,0.4197390689018932,0.4197390689018932,0.4197390689018932,0.001698647219596547,505,505,505,False,False,0.6984829515637084,0.03825677559274252,0.03825677559274252,0.0,1,1,0,16.0,22.0
BACKGROUND_029.wav,data/datasets/svanstrom_drone_detection/Data/Audio/BACKGROUND_029.wav,background,,1,1780431616.049778,suspect,background,harmonic source detected; awaiting stronger drone evidence,0.004730626940727234,0.004730626940727234,0.004730626940727234,True,False,17.129895744692792,17.824165079052076,0.1883159574487987,0.1883159574487987,0.30402751317534593,0.009316263440874408,500,500,505,False,False,0.593770099649796,0.03972167717660295,0.03972167717660295,0.0,1,1,0,16.0,22.0
BACKGROUND_029.wav,data/datasets/svanstrom_drone_detection/Data/Audio/BACKGROUND_029.wav,background,,2,1780431616.2992241,suspect,background,harmonic source detected; awaiting stronger drone evidence,0.0021374099887907505,0.0021374099887907505,0.0021374099887907505,True,False,16.7106067468848,17.129895744692792,0.11843445781413327,0.11843445781413327,0.1883159574487987,0.004226822560334883,500,500,505,True,False,0.559262510580004,0.03705743521555648,0.03705743521555648,0.0,1,1,0,16.0,22.0
BACKGROUND_029.wav,data/datasets/svanstrom_drone_detection/Data/Audio/BACKGROUND_029.wav,background,,3,1780431616.549612,suspect,background,background or insufficient evidence,0.0027666050009429455,0.0027666050009429455,0.0027666050009429455,True,False,15.757361000958976,16.920251245788798,0.0,0.0,0.15337520763146598,0.005435134788468681,530,530,505,True,False,0.4797910986241325,0.039517010508806495,0.039517010508806495,0.0,1,0,0,16.0,22.0
BACKGROUND_029.wav,data/datasets/svanstrom_drone_detection/Data/Audio/BACKGROUND_029.wav,background,,4,1780431616.80096,suspect,background,harmonic source detected; awaiting stronger drone evidence,0.005823718383908272,0.005823718383908272,0.005823718383908272,True,False,17.0659229304113,17.0659229304113,0.17765382173521674,0.17765382173521674,0.17765382173521674,0.011277676691118406,500,500,505,True,False,0.5887776319228577,0.03885620250015055,0.03885620250015055,0.0,1,1,0,16.0,22.0
BACKGROUND_029.wav,data/datasets/svanstrom_drone_detection/Data/Audio/BACKGROUND_029.wav,background,,5,1780431617.064398,suspect,background,harmonic source detected; awaiting stronger drone evidence,0.0021493234671652317,0.0021493234671652317,0.0021493234671652317,True,False,18.865486305606296,17.0659229304113,0.47758105093438274,0.47758105093438274,0.17765382173521674,0.004247238323202258,540,540,505,True,False,0.7224745310261589,0.0442189664676477,0.0442189664676477,0.0,1,1,0,16.0,22.0
BACKGROUND_029.wav,data/datasets/svanstrom_drone_detection/Data/Audio/BACKGROUND_029.wav,background,,6,1780431617.314028,suspect,background,harmonic source detected; awaiting stronger drone evidence,0.0006167969550006092,0.0006167969550006092,0.0006167969550006092,True,False,18.2645494309192,17.0659229304113,0.37742490515319993,0.37742490515319993,0.17765382173521674,0.00122931891341508,535,535,505,True,False,0.6803270485377693,0.04778612384844982,0.04778612384844982,0.0,1,1,0,16.0,22.0
BACKGROUND_029.wav,data/datasets/svanstrom_drone_detection/Data/Audio/BACKGROUND_029.wav,background,,7,1780431617.564169,suspect,background,harmonic source detected; awaiting stronger drone evidence,0.0028783862944692373,0.0028783862944692373,0.0028783862944692373,True,False,17.84600976461889,17.84600976461889,0.30766829410314855,0.30766829410314855,0.30766829410314855,0.005703396012202361,500,500,505,True,True,0.6495889447189678,0.03887130592397538,0.03887130592397538,0.0,1,1,0,16.0,22.0
BACKGROUND_029.wav,data/datasets/svanstrom_drone_detection/Data/Audio/BACKGROUND_029.wav,background,,8,1780431617.816871,suspect,background,harmonic source detected; awaiting stronger drone evidence,0.003970310557633638,0.003970310557633638,0.003970310557633638,True,False,18.661533113604,18.2645494309192,0.4435888522673335,0.4435888522673335,0.37742490515319993,0.00785793893025803,525,525,505,True,True,0.7089029532574501,0.033721299310280145,0.033721299310280145,0.0,1,1,0,16.0,22.0
BACKGROUND_029.wav,data/datasets/svanstrom_drone_detection/Data/Audio/BACKGROUND_029.wav,background,,9,1780431618.07198,suspect,background,harmonic source detected; awaiting stronger drone evidence,0.001278351410292089,0.001278351410292089,0.001278351410292089,True,False,18.443570579355214,18.443570579355214,0.407261763225869,0.407261763225869,0.407261763225869,0.002548696474975303,610,610,505,True,True,0.6932643544942532,0.03714534407127519,0.03714534407127519,0.0,1,1,0,16.0,22.0
BACKGROUND_030.wav,data/datasets/svanstrom_drone_detection/Data/Audio/BACKGROUND_030.wav,background,,0,1780431618.343533,background,background,background or insufficient evidence,0.0021092360839247704,0.0021092360839247704,0.0021092360839247704,True,False,12.504570806747488,12.504570806747488,0.0,0.0,0.0,0.0,520,520,520,False,False,0.2377340199591592,0.06548653989100699,0.06548653989100699,0.0,1,0,0,16.0,22.0
BACKGROUND_030.wav,data/datasets/svanstrom_drone_detection/Data/Audio/BACKGROUND_030.wav,background,,1,1780431618.599187,suspect,background,harmonic source detected; awaiting stronger drone evidence,0.013393333181738853,0.013393333181738853,0.013393333181738853,True,False,17.870630215416433,15.18760051108196,0.31177170256940556,0.31177170256940556,0.15588585128470278,0.024667165281697965,520,520,520,False,False,0.6530330111505145,0.09368984108404184,0.09368984108404184,0.0,1,1,0,16.0,22.0
BACKGROUND_030.wav,data/datasets/svanstrom_drone_detection/Data/Audio/BACKGROUND_030.wav,background,,2,1780431618.847379,suspect,background,background or insufficient evidence,0.0034138867631554604,0.0034138867631554604,0.0034138867631554604,True,False,13.687845426759294,13.687845426759294,0.0,0.0,0.0,0.0,535,535,520,False,False,0.3163237675914213,0.10749805342333305,0.10749805342333305,0.0,1,0,0,16.0,22.0
BACKGROUND_030.wav,data/datasets/svanstrom_drone_detection/Data/Audio/BACKGROUND_030.wav,background,,3,1780431619.0957189,suspect,background,harmonic source detected; awaiting stronger drone evidence,0.06020820513367653,0.06020820513367653,0.06020820513367653,True,False,18.87549265862869,15.779237821087865,0.4792487764381151,0.4792487764381151,0.15588585128470278,0.08686554396150373,500,500,520,False,False,0.7318521201303775,0.10280280768237661,0.10280280768237661,0.0,1,1,0,16.0,22.0
BACKGROUND_030.wav,data/datasets/svanstrom_drone_detection/Data/Audio/BACKGROUND_030.wav,background,,4,1780431619.347699,suspect,background,harmonic source detected; awaiting stronger drone evidence,0.04256797581911087,0.04256797581911087,0.04256797581911087,True,False,18.337365772963217,17.870630215416433,0.3895609621605362,0.3895609621605362,0.31177170256940556,0.07490808199845446,510,510,520,False,True,0.6918760340508503,0.10190096113740768,0.10190096113740768,0.0,1,1,0,16.0,22.0
BACKGROUND_030.wav,data/datasets/svanstrom_drone_detection/Data/Audio/BACKGROUND_030.wav,background,,5,1780431619.6131148,suspect,background,harmonic source detected; awaiting stronger drone evidence,0.06290556490421295,0.06290556490421295,0.06290556490421295,True,False,20.239061597113203,18.337365772963217,0.7065102661855338,0.7065102661855338,0.3895609621605362,0.10831960714754435,505,505,520,False,True,0.8136777585279606,0.11262287219778574,0.11262287219778574,0.0,1,1,0,16.0,22.0
BACKGROUND_030.wav,data/datasets/svanstrom_drone_detection/Data/Audio/BACKGROUND_030.wav,background,,6,1780431619.869092,suspect,background,background or insufficient evidence,0.08729740977287292,0.08729740977287292,0.08729740977287292,True,False,15.835068644790432,18.337365772963217,0.0,0.0,0.3895609621605362,0.14263183213684208,500,500,520,True,True,0.4862591811747736,0.06832345550662802,0.06832345550662802,0.0,1,0,0,16.0,22.0
BACKGROUND_030.wav,data/datasets/svanstrom_drone_detection/Data/Audio/BACKGROUND_030.wav,background,,7,1780431620.1247559,suspect,background,harmonic source detected; awaiting stronger drone evidence,0.12011595070362091,0.12011595070362091,0.12011595070362091,True,False,17.680138357106802,18.337365772963217,0.2800230595178004,0.2800230595178004,0.3895609621605362,0.1836159038714379,505,505,520,True,True,0.654480603874891,0.06634105317025553,0.06634105317025553,0.0,1,1,0,16.0,22.0
BACKGROUND_030.wav,data/datasets/svanstrom_drone_detection/Data/Audio/BACKGROUND_030.wav,background,,8,1780431620.372492,suspect,background,harmonic source detected; awaiting stronger drone evidence,0.11518117785453796,0.11518117785453796,0.11518117785453796,True,False,18.230304449095748,18.230304449095748,0.3717174081826246,0.3717174081826246,0.3717174081826246,0.17586726352337845,525,525,520,True,True,0.6950236755946363,0.09096743353313876,0.09096743353313876,0.0,1,1,0,16.0,22.0
BACKGROUND_030.wav,data/datasets/svanstrom_drone_detection/Data/Audio/BACKGROUND_030.wav,background,,9,1780431620.622508,suspect,background,harmonic source detected; awaiting stronger drone evidence,0.2002231776714325,0.2002231776714325,0.2002231776714325,False,False,18.463126584383314,18.230304449095748,0.41052109739721904,0.41052109739721904,0.3717174081826246,0.2602588883302691,505,505,520,True,True,0.7244910009918253,0.051285359390074454,0.051285359390074454,0.0,1,1,0,16.0,22.0
