file_name,file_path,label,distance_category,window_idx,timestamp_unix,status,operator_label,decision_reason,ml_drone_pct,ml_drone_pct_smoothed,hf_p_drone,hf_negative,hf_positive,harmonic_score,harmonic_score_smoothed,harmonic_evidence_pct,harmonic_evidence_pct_raw,harmonic_evidence_pct_smoothed,combined_drone_evidence_pct,best_f0_hz,raw_best_f0_hz,canonical_best_f0_hz,f0_stable,f0_family_stable,confidence,rms,window_rms,padding_ratio,channel_count,channel_agreement_count,strongest_channel,suspect_threshold,alert_threshold
HELICOPTER_001.wav,data/datasets/svanstrom_drone_detection/Data/Audio/HELICOPTER_001.wav,helicopter,,0,1780431621.846099,suspect,background,harmonic source detected; awaiting stronger drone evidence,0.04369764029979706,0.04369764029979706,0.04369764029979706,True,False,17.639909745300027,17.639909745300027,0.27331829088333787,0.27331829088333787,0.27331829088333787,0.07534843213453439,500,500,500,False,False,0.6399095468426631,0.02731069580348613,0.02731069580348613,0.0,1,1,0,16.0,22.0
HELICOPTER_001.wav,data/datasets/svanstrom_drone_detection/Data/Audio/HELICOPTER_001.wav,helicopter,,1,1780431625.763576,suspect,background,harmonic source detected; awaiting stronger drone evidence,0.0028278438840061426,0.0028278438840061426,0.0028278438840061426,True,False,18.1591277251219,17.89951873521096,0.3598546208536497,0.3598546208536497,0.31658645586849377,0.005605599191276022,505,505,500,False,False,0.6729671634789918,0.030798551692477444,0.030798551692477444,0.0,1,1,0,16.0,22.0
HELICOPTER_001.wav,data/datasets/svanstrom_drone_detection/Data/Audio/HELICOPTER_001.wav,helicopter,,2,1780431625.999542,suspect,background,harmonic source detected; awaiting stronger drone evidence,0.005136054940521717,0.005136054940521717,0.005136054940521717,True,False,19.080799717515227,18.1591277251219,0.5134666195858711,0.5134666195858711,0.3598546208536497,0.010127535644660703,500,500,500,True,True,0.737091316690196,0.03943600186990809,0.03943600186990809,0.0,1,1,0,16.0,22.0
HELICOPTER_001.wav,data/datasets/svanstrom_drone_detection/Data/Audio/HELICOPTER_001.wav,helicopter,,3,1780431626.247873,suspect,background,harmonic source detected; awaiting stronger drone evidence,0.002038688864558935,0.002038688864558935,0.002038688864558935,True,False,16.264608501765643,17.89951873521096,0.04410141696094053,0.04410141696094053,0.31658645586849377,0.004051276349528792,535,535,500,True,True,0.5223422271917088,0.04900954275767601,0.04900954275767601,0.0,1,1,0,16.0,22.0
HELICOPTER_001.wav,data/datasets/svanstrom_drone_detection/Data/Audio/HELICOPTER_001.wav,helicopter,,4,1780431626.479316,suspect,background,harmonic source detected; awaiting stronger drone evidence,0.0032355107832700014,0.0032355107832700014,0.0032355107832700014,True,False,17.908603711916594,17.908603711916594,0.31810061865276573,0.31810061865276573,0.31810061865276573,0.006405845372566912,540,540,500,True,True,0.6543795676483852,0.0545051745892336,0.0545051745892336,0.0,1,1,0,16.0,22.0
HELICOPTER_001.wav,data/datasets/svanstrom_drone_detection/Data/Audio/HELICOPTER_001.wav,helicopter,,5,1780431626.714612,suspect,background,harmonic source detected; awaiting stronger drone evidence,0.004937144462019205,0.004937144462019205,0.004937144462019205,True,False,18.290674543282382,18.1591277251219,0.38177909054706366,0.38177909054706366,0.3598546208536497,0.009740622169094892,525,525,500,True,True,0.6828663260936372,0.047190278507531914,0.047190278507531914,0.0,1,1,0,16.0,22.0
HELICOPTER_001.wav,data/datasets/svanstrom_drone_detection/Data/Audio/HELICOPTER_001.wav,helicopter,,6,1780431626.946079,suspect,background,harmonic source detected; awaiting stronger drone evidence,0.0022856807336211205,0.0022856807336211205,0.0022856807336211205,True,False,16.694918103910723,17.908603711916594,0.1158196839851205,0.1158196839851205,0.31810061865276573,0.004538734567819009,505,505,500,True,True,0.5579951379263093,0.06106621800173827,0.06106621800173827,0.0,1,1,0,16.0,22.0
HELICOPTER_001.wav,data/datasets/svanstrom_drone_detection/Data/Audio/HELICOPTER_001.wav,helicopter,,7,1780431627.179231,suspect,background,harmonic source detected; awaiting stronger drone evidence,0.0007772160461172462,0.0007772160461172462,0.0007772160461172462,True,False,17.767891801253434,17.767891801253434,0.29464863354223897,0.29464863354223897,0.29464863354223897,0.001550337393331999,500,500,500,True,True,0.643320472299628,0.09111837961554102,0.09111837961554102,0.0,1,1,0,16.0,22.0
HELICOPTER_001.wav,data/datasets/svanstrom_drone_detection/Data/Audio/HELICOPTER_001.wav,helicopter,,8,1780431627.422634,suspect,background,harmonic source detected; awaiting stronger drone evidence,0.0011325242230668664,0.0011325242230668664,0.0011325242230668664,True,False,16.57802670897105,17.767891801253434,0.09633778482850808,0.09633778482850808,0.29464863354223897,0.002256368114299283,520,520,500,True,True,0.5481903041942129,0.09370052686530006,0.09370052686530006,0.0,1,1,0,16.0,22.0
HELICOPTER_001.wav,data/datasets/svanstrom_drone_detection/Data/Audio/HELICOPTER_001.wav,helicopter,,9,1780431627.668969,suspect,background,harmonic source detected; awaiting stronger drone evidence,0.0012938330182805657,0.0012938330182805657,0.0012938330182805657,True,False,17.522088226501566,17.522088226501566,0.25368137108359434,0.25368137108359434,0.25368137108359434,0.0025745252203966404,515,515,500,True,True,0.6243821114227185,0.09123127738042172,0.09123127738042172,0.0,1,1,0,16.0,22.0
HELICOPTER_002.wav,data/datasets/svanstrom_drone_detection/Data/Audio/HELICOPTER_002.wav,helicopter,,0,1780431627.909593,suspect,background,harmonic source detected; awaiting stronger drone evidence,0.8154163360595703,0.8154163360595703,0.8154163360595703,False,True,16.619209593308327,16.619209593308327,0.1032015988847211,0.1032015988847211,0.1032015988847211,0.18321475083282934,505,505,505,False,False,0.6737308343013505,0.09446937408368174,0.09446937408368174,0.0,1,1,0,16.0,22.0
HELICOPTER_002.wav,data/datasets/svanstrom_drone_detection/Data/Audio/HELICOPTER_002.wav,helicopter,,1,1780431628.149366,suspect,background,harmonic source detected; awaiting stronger drone evidence,0.006132251583039761,0.006132251583039761,0.006132251583039761,True,False,16.578069016892144,16.598639305100235,0.09634483614869065,0.09634483614869065,0.09977321751670587,0.01155424170520778,515,515,505,False,False,0.548943756435792,0.10472609923620596,0.10472609923620596,0.0,1,1,0,16.0,22.0
HELICOPTER_002.wav,data/datasets/svanstrom_drone_detection/Data/Audio/HELICOPTER_002.wav,helicopter,,2,1780431628.3902981,suspect,background,harmonic source detected; awaiting stronger drone evidence,0.09512771666049957,0.09512771666049957,0.09512771666049957,True,False,16.24007472913719,16.578069016892144,0.040012454856198566,0.040012454856198566,0.09634483614869065,0.09573190804046126,500,500,505,True,False,0.5342647151263934,0.10665230632887338,0.10665230632887338,0.0,1,1,0,16.0,22.0
HELICOPTER_002.wav,data/datasets/svanstrom_drone_detection/Data/Audio/HELICOPTER_002.wav,helicopter,,3,1780431628.637181,suspect,background,harmonic source detected; awaiting stronger drone evidence,0.0048553477972745895,0.0048553477972745895,0.0048553477972745895,True,False,16.410825983051964,16.494447499972054,0.06847099717532738,0.06847099717532738,0.08240791666200901,0.009170285204880491,515,515,505,True,False,0.5349103990610864,0.09977302355336659,0.09977302355336659,0.0,1,1,0,16.0,22.0
HELICOPTER_002.wav,data/datasets/svanstrom_drone_detection/Data/Audio/HELICOPTER_002.wav,helicopter,,4,1780431628.88489,suspect,background,harmonic source detected; awaiting stronger drone evidence,0.009781492874026299,0.009781492874026299,0.009781492874026299,True,False,16.997522594354823,16.578069016892144,0.16625376572580386,0.16625376572580386,0.09634483614869065,0.017759729504469586,500,500,505,True,False,0.5838365964244802,0.08783980248684588,0.08783980248684588,0.0,1,1,0,16.0,22.0
HELICOPTER_002.wav,data/datasets/svanstrom_drone_detection/Data/Audio/HELICOPTER_002.wav,helicopter,,5,1780431629.1212091,suspect,background,harmonic source detected; awaiting stronger drone evidence,0.0031745987944304943,0.0031745987944304943,0.0031745987944304943,True,False,16.763540795229297,16.578069016892144,0.12725679920488275,0.12725679920488275,0.09634483614869065,0.006146600964154601,570,570,505,True,False,0.5637633275350044,0.09637239375812282,0.09637239375812282,0.0,1,1,0,16.0,22.0
HELICOPTER_002.wav,data/datasets/svanstrom_drone_detection/Data/Audio/HELICOPTER_002.wav,helicopter,,6,1780431629.3596191,suspect,background,harmonic source detected; awaiting stronger drone evidence,0.0028664469718933105,0.0028664469718933105,0.0028664469718933105,True,False,16.560701685056074,16.560701685056074,0.09345028084267899,0.09345028084267899,0.09345028084267899,0.005562221630887547,545,545,505,True,False,0.547019564740128,0.09075951590629552,0.09075951590629552,0.0,1,1,0,16.0,22.0
HELICOPTER_002.wav,data/datasets/svanstrom_drone_detection/Data/Audio/HELICOPTER_002.wav,helicopter,,7,1780431629.596372,suspect,background,background or insufficient evidence,0.004410065710544586,0.004410065710544586,0.004410065710544586,True,False,15.813096751393267,16.560701685056074,0.0,0.0,0.09345028084267899,0.008422567105408072,505,505,505,True,False,0.48442976518180164,0.09263669471535128,0.09263669471535128,0.0,1,0,0,16.0,22.0
HELICOPTER_002.wav,data/datasets/svanstrom_drone_detection/Data/Audio/HELICOPTER_002.wav,helicopter,,8,1780431629.832308,suspect,background,harmonic source detected; awaiting stronger drone evidence,0.009631705470383167,0.009631705470383167,0.009631705470383167,True,False,17.167721042200945,16.763540795229297,0.19462017370015752,0.19462017370015752,0.12725679920488275,0.01790787412012002,505,505,505,True,False,0.5975445708515015,0.09463704457655128,0.09463704457655128,0.0,1,1,0,16.0,22.0
HELICOPTER_002.wav,data/datasets/svanstrom_drone_detection/Data/Audio/HELICOPTER_002.wav,helicopter,,9,1780431630.080037,suspect,background,harmonic source detected; awaiting stronger drone evidence,0.003702993504703045,0.003702993504703045,0.003702993504703045,True,False,16.577721386549538,16.577721386549538,0.09628689775825627,0.09628689775825627,0.09628689775825627,0.007131644742502854,500,500,505,True,False,0.5485506656153784,0.09189677703823311,0.09189677703823311,0.0,1,1,0,16.0,22.0
HELICOPTER_003.wav,data/datasets/svanstrom_drone_detection/Data/Audio/HELICOPTER_003.wav,helicopter,,0,1780431630.36025,suspect,background,harmonic source detected; awaiting stronger drone evidence,0.05697392672300339,0.05697392672300339,0.05697392672300339,True,False,17.32790926717197,17.32790926717197,0.2213182111953286,0.2213182111953286,0.2213182111953286,0.09061932063024271,500,500,500,False,False,0.6174331468223674,0.03061319066516105,0.03061319066516105,0.0,1,1,0,16.0,22.0
HELICOPTER_003.wav,data/datasets/svanstrom_drone_detection/Data/Audio/HELICOPTER_003.wav,helicopter,,1,1780431630.597802,suspect,background,harmonic source detected; awaiting stronger drone evidence,0.1500706970691681,0.1500706970691681,0.1500706970691681,True,False,16.9330181070877,17.130463687129836,0.15550301784795018,0.15550301784795018,0.18841061452163937,0.1670687730983969,505,505,500,False,False,0.599641408580662,0.03233030795187453,0.03233030795187453,0.0,1,1,0,16.0,22.0
HELICOPTER_003.wav,data/datasets/svanstrom_drone_detection/Data/Audio/HELICOPTER_003.wav,helicopter,,2,1780431630.8354828,suspect,background,background or insufficient evidence,0.21405866742134094,0.21405866742134094,0.21405866742134094,False,False,15.971993939492043,16.9330181070877,0.0,0.0,0.15550301784795018,0.18014139472048687,595,595,500,True,False,0.49766617857346185,0.030691398015722748,0.030691398015722748,0.0,1,0,0,16.0,22.0
HELICOPTER_003.wav,data/datasets/svanstrom_drone_detection/Data/Audio/HELICOPTER_003.wav,helicopter,,3,1780431631.070445,suspect,background,background or insufficient evidence,0.15968871116638184,0.15968871116638184,0.15968871116638184,True,False,15.84331268063053,16.45250602328987,0.0,0.0,0.07775150892397509,0.104581995043541,610,610,500,True,False,0.4869456907995722,0.05053228472543948,0.05053228472543948,0.0,1,0,0,16.0,22.0
HELICOPTER_003.wav,data/datasets/svanstrom_drone_detection/Data/Audio/HELICOPTER_003.wav,helicopter,,4,1780431631.310411,suspect,background,background or insufficient evidence,0.07148236036300659,0.07148236036300659,0.07148236036300659,True,False,14.730566968125872,15.971993939492043,0.0,0.0,0.0,0.0,565,565,500,True,False,0.3957645816084219,0.060264734486576134,0.060264734486576134,0.0,1,0,0,16.0,22.0
HELICOPTER_003.wav,data/datasets/svanstrom_drone_detection/Data/Audio/HELICOPTER_003.wav,helicopter,,5,1780431631.558649,suspect,background,background or insufficient evidence,0.008928718976676464,0.008928718976676464,0.008928718976676464,True,False,15.635601054682544,15.84331268063053,0.0,0.0,0.0,0.0,500,500,500,True,False,0.469670702094945,0.06458930257104734,0.06458930257104734,0.0,1,0,0,16.0,22.0
HELICOPTER_003.wav,data/datasets/svanstrom_drone_detection/Data/Audio/HELICOPTER_003.wav,helicopter,,6,1780431631.798311,suspect,background,harmonic source detected; awaiting stronger drone evidence,0.005367156118154526,0.005367156118154526,0.005367156118154526,True,False,18.202834844782405,15.84331268063053,0.3671391407970675,0.3671391407970675,0.0,0.0,545,545,500,False,False,0.6765484824156333,0.08178507725766793,0.08178507725766793,0.0,1,1,0,16.0,22.0
HELICOPTER_003.wav,data/datasets/svanstrom_drone_detection/Data/Audio/HELICOPTER_003.wav,helicopter,,7,1780431632.034257,suspect,background,harmonic source detected; awaiting stronger drone evidence,0.0013404276687651873,0.0013404276687651873,0.0013404276687651873,True,False,17.92240097481516,15.84331268063053,0.3204001624691936,0.3204001624691936,0.0,0.0,500,500,500,False,False,0.6551354168888464,0.0734153373758572,0.0734153373758572,0.0,1,1,0,16.0,22.0
HELICOPTER_003.wav,data/datasets/svanstrom_drone_detection/Data/Audio/HELICOPTER_003.wav,helicopter,,8,1780431632.275281,suspect,background,harmonic source detected; awaiting stronger drone evidence,0.0021724735852330923,0.0021724735852330923,0.0021724735852330923,True,False,16.72360498683696,16.72360498683696,0.12060083113949342,0.12060083113949342,0.12060083113949342,0.004268028568276458,565,565,500,False,False,0.5603356298004548,0.07389721956832924,0.07389721956832924,0.0,1,1,0,16.0,22.0
HELICOPTER_003.wav,data/datasets/svanstrom_drone_detection/Data/Audio/HELICOPTER_003.wav,helicopter,,9,1780431632.51188,suspect,background,harmonic source detected; awaiting stronger drone evidence,0.00194550771266222,0.00194550771266222,0.00194550771266222,True,False,16.6007127718997,16.72360498683696,0.10011879531661687,0.10011879531661687,0.12060083113949342,0.003829211622757833,505,505,500,False,False,0.5501846303920679,0.07724977962473674,0.07724977962473674,0.0,1,1,0,16.0,22.0
HELICOPTER_004.wav,data/datasets/svanstrom_drone_detection/Data/Audio/HELICOPTER_004.wav,helicopter,,0,1780431632.7669709,suspect,background,harmonic source detected; awaiting stronger drone evidence,0.04383506253361702,0.04383506253361702,0.04383506253361702,True,False,18.217209990167923,18.217209990167923,0.36953499836132053,0.36953499836132053,0.36953499836132053,0.07837311942669148,500,500,500,False,False,0.6833677160414258,0.11545724545364579,0.11545724545364579,0.0,1,1,0,16.0,22.0
HELICOPTER_004.wav,data/datasets/svanstrom_drone_detection/Data/Audio/HELICOPTER_004.wav,helicopter,,1,1780431633.0062542,suspect,background,harmonic source detected; awaiting stronger drone evidence,0.007239806465804577,0.007239806465804577,0.007239806465804577,True,False,19.238125808469132,18.727667899318526,0.5396876347448553,0.5396876347448553,0.4546113165530879,0.014252605043776507,515,515,500,False,False,0.7474617116537333,0.08916483792798892,0.08916483792798892,0.0,1,1,0,16.0,22.0
HELICOPTER_004.wav,data/datasets/svanstrom_drone_detection/Data/Audio/HELICOPTER_004.wav,helicopter,,2,1780431633.242079,suspect,background,harmonic source detected; awaiting stronger drone evidence,0.010504534468054771,0.010504534468054771,0.010504534468054771,True,False,18.81530811469489,18.81530811469489,0.469218019115815,0.469218019115815,0.469218019115815,0.020548988341356236,525,525,500,True,True,0.7203593163727392,0.08700264962150178,0.08700264962150178,0.0,1,1,0,16.0,22.0
HELICOPTER_004.wav,data/datasets/svanstrom_drone_detection/Data/Audio/HELICOPTER_004.wav,helicopter,,3,1780431633.4814441,suspect,background,harmonic source detected; awaiting stronger drone evidence,0.014479294419288635,0.014479294419288635,0.014479294419288635,True,False,17.36011264060837,18.51625905243141,0.22668544010139513,0.22668544010139513,0.4193765087385678,0.027992074335871284,510,510,500,True,True,0.6136122855315536,0.1001386577112765,0.1001386577112765,0.0,1,1,0,16.0,22.0
HELICOPTER_004.wav,data/datasets/svanstrom_drone_detection/Data/Audio/HELICOPTER_004.wav,helicopter,,4,1780431633.7194052,suspect,background,harmonic source detected; awaiting stronger drone evidence,0.0047100200317800045,0.0047100200317800045,0.0047100200317800045,True,False,19.407499049977215,18.81530811469489,0.5679165083295358,0.5679165083295358,0.469218019115815,0.00932640157810358,500,500,500,True,True,0.7576202575938248,0.09399474104092354,0.09399474104092354,0.0,1,1,0,16.0,22.0
HELICOPTER_004.wav,data/datasets/svanstrom_drone_detection/Data/Audio/HELICOPTER_004.wav,helicopter,,5,1780431633.960835,suspect,background,harmonic source detected; awaiting stronger drone evidence,0.00537043297663331,0.00537043297663331,0.00537043297663331,True,False,18.886569472651914,18.886569472651914,0.4810949121086523,0.4810949121086523,0.4810949121086523,0.010622268146528604,500,500,500,True,True,0.7243655950710585,0.09822037810367545,0.09822037810367545,0.0,1,1,0,16.0,22.0
HELICOPTER_004.wav,data/datasets/svanstrom_drone_detection/Data/Audio/HELICOPTER_004.wav,helicopter,,6,1780431634.209058,suspect,background,harmonic source detected; awaiting stronger drone evidence,0.004418930038809776,0.004418930038809776,0.004418930038809776,True,False,19.000177804347874,18.886569472651914,0.5000296340579791,0.5000296340579791,0.4810949121086523,0.008757403787008351,505,505,500,True,True,0.7317330707951047,0.12445499077997069,0.12445499077997069,0.0,1,1,0,16.0,22.0
HELICOPTER_004.wav,data/datasets/svanstrom_drone_detection/Data/Audio/HELICOPTER_004.wav,helicopter,,7,1780431634.448116,suspect,background,harmonic source detected; awaiting stronger drone evidence,0.009667855687439442,0.009667855687439442,0.009667855687439442,True,False,18.102929345371226,18.886569472651914,0.3504882242285377,0.3504882242285377,0.4810949121086523,0.01895476596862517,500,500,500,True,True,0.669854406149333,0.11802247006812867,0.11802247006812867,0.0,1,1,0,16.0,22.0
HELICOPTER_004.wav,data/datasets/svanstrom_drone_detection/Data/Audio/HELICOPTER_004.wav,helicopter,,8,1780431634.683734,suspect,background,harmonic source detected; awaiting stronger drone evidence,0.008335388265550137,0.008335388265550137,0.008335388265550137,True,False,19.167803435136182,19.000177804347874,0.5279672391893637,0.5279672391893637,0.5000296340579791,0.016397402505794093,520,520,500,True,True,0.7431631608287166,0.08807922131039575,0.08807922131039575,0.0,1,1,0,16.0,22.0
HELICOPTER_004.wav,data/datasets/svanstrom_drone_detection/Data/Audio/HELICOPTER_004.wav,helicopter,,9,1780431634.921967,suspect,background,harmonic source detected; awaiting stronger drone evidence,0.007850713096559048,0.007850713096559048,0.007850713096559048,True,False,19.004010888013546,19.000177804347874,0.500668481335591,0.500668481335591,0.5000296340579791,0.015458686241422943,525,525,500,True,True,0.7324989671931759,0.09114898255022938,0.09114898255022938,0.0,1,1,0,16.0,22.0
HELICOPTER_005.wav,data/datasets/svanstrom_drone_detection/Data/Audio/HELICOPTER_005.wav,helicopter,,0,1780431635.165697,suspect,background,harmonic source detected; awaiting stronger drone evidence,0.10378365963697433,0.10378365963697433,0.10378365963697433,True,False,19.216230444400605,19.216230444400605,0.5360384074001008,0.5360384074001008,0.5360384074001008,0.17389816182646067,510,510,510,False,False,0.7605592168525,0.10708678919099947,0.10708678919099947,0.0,1,1,0,16.0,22.0
HELICOPTER_005.wav,data/datasets/svanstrom_drone_detection/Data/Audio/HELICOPTER_005.wav,helicopter,,1,1780431635.4188302,suspect,background,harmonic source detected; awaiting stronger drone evidence,0.004127779044210911,0.004127779044210911,0.004127779044210911,True,False,18.823759835809895,19.01999514010525,0.47062663930164916,0.47062663930164916,0.503332523350875,0.008188389665779804,530,530,510,False,False,0.7199719111817553,0.09731058051990638,0.09731058051990638,0.0,1,1,0,16.0,22.0
HELICOPTER_005.wav,data/datasets/svanstrom_drone_detection/Data/Audio/HELICOPTER_005.wav,helicopter,,2,1780431635.661054,suspect,background,harmonic source detected; awaiting stronger drone evidence,0.006435120012611151,0.006435120012611151,0.006435120012611151,True,False,19.035221479566147,19.035221479566147,0.5058702465943578,0.5058702465943578,0.5058702465943578,0.012708550819714162,510,510,510,True,True,0.7343258963859871,0.09753251812692852,0.09753251812692852,0.0,1,1,0,16.0,22.0
HELICOPTER_005.wav,data/datasets/svanstrom_drone_detection/Data/Audio/HELICOPTER_005.wav,helicopter,,3,1780431635.898442,suspect,non_drone_harmonic,"harmonic source detected, but ML strongly rejects drone",0.008112145587801933,0.008112145587801933,0.008112145587801933,True,False,20.684585019655827,19.125725961983377,0.7807641699426379,0.7807641699426379,0.5209543269972292,0.015975494862870032,515,515,510,True,True,0.8277893722679606,0.10483370029856852,0.10483370029856852,0.0,1,1,0,16.0,22.0
HELICOPTER_005.wav,data/datasets/svanstrom_drone_detection/Data/Audio/HELICOPTER_005.wav,helicopter,,4,1780431636.1361861,suspect,background,harmonic source detected; awaiting stronger drone evidence,0.005075830966234207,0.005075830966234207,0.005075830966234207,True,False,19.28146092711489,19.216230444400605,0.5469101545191482,0.5469101545191482,0.5360384074001008,0.010056417393037045,510,510,510,True,True,0.7498618025029108,0.06574314040831593,0.06574314040831593,0.0,1,1,0,16.0,22.0
HELICOPTER_005.wav,data/datasets/svanstrom_drone_detection/Data/Audio/HELICOPTER_005.wav,helicopter,,5,1780431636.374728,suspect,background,harmonic source detected; awaiting stronger drone evidence,0.007024146616458893,0.007024146616458893,0.007024146616458893,True,False,18.053598076765187,19.035221479566147,0.3422663461275312,0.3422663461275312,0.5058702465943578,0.013855873256098671,515,515,510,True,True,0.6658032173486993,0.07047444597231894,0.07047444597231894,0.0,1,1,0,16.0,22.0
HELICOPTER_005.wav,data/datasets/svanstrom_drone_detection/Data/Audio/HELICOPTER_005.wav,helicopter,,6,1780431636.6166961,suspect,background,harmonic source detected; awaiting stronger drone evidence,0.02428998053073883,0.02428998053073883,0.02428998053073883,True,False,17.610084052053676,19.035221479566147,0.26834734200894594,0.26834734200894594,0.5058702465943578,0.04635411950997929,520,520,510,True,True,0.6346866796358852,0.07776117491288789,0.07776117491288789,0.0,1,1,0,16.0,22.0
HELICOPTER_005.wav,data/datasets/svanstrom_drone_detection/Data/Audio/HELICOPTER_005.wav,helicopter,,7,1780431636.865242,suspect,background,harmonic source detected; awaiting stronger drone evidence,0.01501427497714758,0.01501427497714758,0.01501427497714758,True,False,18.384440615537986,18.384440615537986,0.39740676925633106,0.39740676925633106,0.39740676925633106,0.02893528410919038,545,545,510,True,True,0.6911160962645955,0.07695104332753097,0.07695104332753097,0.0,1,1,0,16.0,22.0
HELICOPTER_005.wav,data/datasets/svanstrom_drone_detection/Data/Audio/HELICOPTER_005.wav,helicopter,,8,1780431637.1030002,suspect,background,harmonic source detected; awaiting stronger drone evidence,0.05176853761076927,0.05176853761076927,0.05176853761076927,True,False,19.096283754955124,18.384440615537986,0.5160472924925207,0.5160472924925207,0.39740676925633106,0.0916039736134513,510,510,510,True,True,0.7450870539026705,0.0812969326840487,0.0812969326840487,0.0,1,1,0,16.0,22.0
HELICOPTER_005.wav,data/datasets/svanstrom_drone_detection/Data/Audio/HELICOPTER_005.wav,helicopter,,9,1780431637.34071,suspect,background,harmonic source detected; awaiting stronger drone evidence,0.008362415246665478,0.008362415246665478,0.008362415246665478,True,False,18.00532785975954,18.053598076765187,0.3342213099599232,0.3342213099599232,0.3422663461275312,0.01632590057421168,530,530,510,True,True,0.6624087103726112,0.07476853362751314,0.07476853362751314,0.0,1,1,0,16.0,22.0
HELICOPTER_006.wav,data/datasets/svanstrom_drone_detection/Data/Audio/HELICOPTER_006.wav,helicopter,,0,1780431637.585381,suspect,background,harmonic source detected; awaiting stronger drone evidence,0.012810427695512772,0.012810427695512772,0.012810427695512772,True,False,19.141590893071893,19.141590893071893,0.5235984821786488,0.5235984821786488,0.5235984821786488,0.025008935793163687,555,555,555,False,False,0.742157840391275,0.009515536455720298,0.009515536455720298,0.0,1,1,0,16.0,22.0
HELICOPTER_006.wav,data/datasets/svanstrom_drone_detection/Data/Audio/HELICOPTER_006.wav,helicopter,,1,1780431637.827616,suspect,background,harmonic source detected; awaiting stronger drone evidence,0.002037180121988058,0.002037180121988058,0.002037180121988058,True,False,17.834965279412227,18.48827808624206,0.30582754656870453,0.30582754656870453,0.4147130143736767,0.004054434014204561,505,505,555,False,False,0.6486238357103197,0.012052073567318654,0.012052073567318654,0.0,1,1,0,16.0,22.0
HELICOPTER_006.wav,data/datasets/svanstrom_drone_detection/Data/Audio/HELICOPTER_006.wav,helicopter,,2,1780431638.078048,suspect,background,harmonic source detected; awaiting stronger drone evidence,0.006480245850980282,0.006480245850980282,0.006480245850980282,True,False,16.981257107952676,17.834965279412227,0.1635428513254459,0.1635428513254459,0.30582754656870453,0.012691526706069203,510,510,555,True,False,0.582022151787081,0.011246054356723979,0.011246054356723979,0.0,1,1,0,16.0,22.0
HELICOPTER_006.wav,data/datasets/svanstrom_drone_detection/Data/Audio/HELICOPTER_006.wav,helicopter,,3,1780431638.3232388,suspect,background,harmonic source detected; awaiting stronger drone evidence,0.26363247632980347,0.26363247632980347,0.26363247632980347,False,False,18.105890727667607,17.970428003539915,0.3509817879446011,0.3509817879446011,0.32840466725665285,0.2924748569160168,505,505,555,True,True,0.7081678498035224,0.010941426508543066,0.010941426508543066,0.0,1,1,0,16.0,22.0
HELICOPTER_006.wav,data/datasets/svanstrom_drone_detection/Data/Audio/HELICOPTER_006.wav,helicopter,,4,1780431638.568539,suspect,background,harmonic source detected; awaiting stronger drone evidence,0.10487496107816696,0.10487496107816696,0.10487496107816696,True,False,19.239072230734166,18.105890727667607,0.5398453717890277,0.5398453717890277,0.3509817879446011,0.16149424432838605,500,500,555,True,True,0.7621666991314736,0.01297655951567883,0.01297655951567883,0.0,1,1,0,16.0,22.0
HELICOPTER_006.wav,data/datasets/svanstrom_drone_detection/Data/Audio/HELICOPTER_006.wav,helicopter,,5,1780431638.8102531,suspect,background,harmonic source detected; awaiting stronger drone evidence,0.0019359629368409514,0.0019359629368409514,0.0019359629368409514,True,False,17.130881248693978,17.834965279412227,0.188480208115663,0.188480208115663,0.30582754656870453,0.0038475573169449145,560,560,555,True,True,0.5934301780521579,0.01192096305759941,0.01192096305759941,0.0,1,1,0,16.0,22.0
HELICOPTER_006.wav,data/datasets/svanstrom_drone_detection/Data/Audio/HELICOPTER_006.wav,helicopter,,6,1780431639.049516,suspect,background,harmonic source detected; awaiting stronger drone evidence,0.010406713001430035,0.010406713001430035,0.010406713001430035,True,False,17.068574872305277,17.130881248693978,0.17809581205087946,0.17809581205087946,0.188480208115663,0.01972426903848748,550,550,555,True,False,0.5896792289889599,0.009430266263384272,0.009430266263384272,0.0,1,1,0,16.0,22.0
HELICOPTER_006.wav,data/datasets/svanstrom_drone_detection/Data/Audio/HELICOPTER_006.wav,helicopter,,7,1780431639.2969658,suspect,background,background or insufficient evidence,0.0011345489183440804,0.0011345489183440804,0.0011345489183440804,True,False,14.704430348936055,17.130881248693978,0.0,0.0,0.188480208115663,0.0022555089259648498,525,525,555,True,False,0.3936830917367612,0.02014444299620255,0.02014444299620255,0.0,1,0,0,16.0,22.0
HELICOPTER_006.wav,data/datasets/svanstrom_drone_detection/Data/Audio/HELICOPTER_006.wav,helicopter,,8,1780431639.545912,suspect,background,background or insufficient evidence,0.0006913062534295022,0.0006913062534295022,0.0006913062534295022,True,False,15.160415959724372,17.068574872305277,0.0,0.0,0.17809581205087946,0.001377258732270141,520,520,555,True,False,0.4304877690778885,0.0245354483840957,0.0245354483840957,0.0,1,0,0,16.0,22.0
HELICOPTER_006.wav,data/datasets/svanstrom_drone_detection/Data/Audio/HELICOPTER_006.wav,helicopter,,9,1780431639.788386,suspect,background,harmonic source detected; awaiting stronger drone evidence,0.004757635295391083,0.004757635295391083,0.004757635295391083,True,False,16.78706202019926,16.78706202019926,0.1311770033665436,0.1311770033665436,0.1311770033665436,0.009182173965613093,500,500,555,True,False,0.5659285157926742,0.03713563953876935,0.03713563953876935,0.0,1,1,0,16.0,22.0
HELICOPTER_007.wav,data/datasets/svanstrom_drone_detection/Data/Audio/HELICOPTER_007.wav,helicopter,,0,1780431640.0398989,suspect,background,harmonic source detected; awaiting stronger drone evidence,0.03437541425228119,0.03437541425228119,0.03437541425228119,True,False,19.05106754149543,19.05106754149543,0.5085112569159053,0.5085112569159053,0.5085112569159053,0.06439742892233426,540,540,540,False,False,0.7395485277695659,0.006272495817526611,0.006272495817526611,0.0,1,1,0,16.0,22.0
HELICOPTER_007.wav,data/datasets/svanstrom_drone_detection/Data/Audio/HELICOPTER_007.wav,helicopter,,1,1780431640.2857301,suspect,background,harmonic source detected; awaiting stronger drone evidence,0.017926525324583054,0.017926525324583054,0.017926525324583054,True,False,20.064056733859378,19.557562137677404,0.677342788976563,0.677342788976563,0.5929270229462341,0.03480082557317056,505,505,540,False,False,0.7975835859815177,0.007133839738626551,0.007133839738626551,0.0,1,1,0,16.0,22.0
HELICOPTER_007.wav,data/datasets/svanstrom_drone_detection/Data/Audio/HELICOPTER_007.wav,helicopter,,2,1780431640.543829,suspect,non_drone_harmonic,"harmonic source detected, but ML strongly rejects drone",0.029132964089512825,0.029132964089512825,0.029132964089512825,True,False,21.91484960798501,20.064056733859378,0.9858082679975014,0.9858082679975014,0.677342788976563,0.055863135090869924,565,565,540,True,True,0.882154583712782,0.011542089874287583,0.011542089874287583,0.0,1,1,0,16.0,22.0
HELICOPTER_007.wav,data/datasets/svanstrom_drone_detection/Data/Audio/HELICOPTER_007.wav,helicopter,,3,1780431640.796685,suspect,non_drone_harmonic,"harmonic source detected, but ML strongly rejects drone",0.006956528406590223,0.006956528406590223,0.006956528406590223,True,False,21.300728562626112,20.682392648242747,0.8834547604376853,0.8834547604376853,0.7803987747071242,0.013790113124767215,500,500,540,True,True,0.8551163979150799,0.015696506835689357,0.015696506835689357,0.0,1,1,0,16.0,22.0
HELICOPTER_007.wav,data/datasets/svanstrom_drone_detection/Data/Audio/HELICOPTER_007.wav,helicopter,,4,1780431641.0400589,suspect,non_drone_harmonic,"harmonic source detected, but ML strongly rejects drone",0.002886930713430047,0.002886930713430047,0.002886930713430047,True,False,21.31769912061426,21.300728562626112,0.8862831867690435,0.8862831867690435,0.8834547604376853,0.0057550487126399735,560,560,540,True,True,0.8552095740301454,0.019003111044456303,0.019003111044456303,0.0,1,1,0,16.0,22.0
HELICOPTER_007.wav,data/datasets/svanstrom_drone_detection/Data/Audio/HELICOPTER_007.wav,helicopter,,5,1780431641.286577,suspect,non_drone_harmonic,"harmonic source detected, but ML strongly rejects drone",0.0014290735125541687,0.0014290735125541687,0.0014290735125541687,True,False,21.230831837949008,21.300728562626112,0.8718053063248347,0.8718053063248347,0.8834547604376853,0.0028535279377437744,550,550,540,True,True,0.8513594609367707,0.021186724010208054,0.021186724010208054,0.0,1,1,0,16.0,22.0
HELICOPTER_007.wav,data/datasets/svanstrom_drone_detection/Data/Audio/HELICOPTER_007.wav,helicopter,,6,1780431641.5300639,suspect,non_drone_harmonic,"harmonic source detected, but ML strongly rejects drone",0.0018327099969610572,0.0018327099969610572,0.0018327099969610572,True,False,19.882943624978658,21.300728562626112,0.6471572708297764,0.6471572708297764,0.8834547604376853,0.0036578277598533523,545,545,540,True,True,0.7851514812831555,0.022596178502620665,0.022596178502620665,0.0,1,1,0,16.0,22.0
HELICOPTER_007.wav,data/datasets/svanstrom_drone_detection/Data/Audio/HELICOPTER_007.wav,helicopter,,7,1780431641.773646,suspect,non_drone_harmonic,"harmonic source detected, but ML strongly rejects drone",0.001971588470041752,0.001971588470041752,0.001971588470041752,True,False,19.210975048406233,21.230831837949008,0.5351625080677055,0.5351625080677055,0.8718053063248347,0.003934275060768773,500,500,540,True,True,0.7449544582659923,0.030164175763119028,0.030164175763119028,0.0,1,1,0,16.0,22.0
HELICOPTER_007.wav,data/datasets/svanstrom_drone_detection/Data/Audio/HELICOPTER_007.wav,helicopter,,8,1780431642.025612,suspect,background,harmonic source detected; awaiting stronger drone evidence,0.0029110820032656193,0.0029110820032656193,0.0029110820032656193,True,False,17.90852823498335,19.882943624978658,0.3180880391638918,0.3180880391638918,0.6471572708297764,0.005796082760046397,510,510,540,True,True,0.6543252094159772,0.03132679391532666,0.03132679391532666,0.0,1,1,0,16.0,22.0
HELICOPTER_007.wav,data/datasets/svanstrom_drone_detection/Data/Audio/HELICOPTER_007.wav,helicopter,,9,1780431642.27166,suspect,background,harmonic source detected; awaiting stronger drone evidence,0.005018951836973429,0.005018951836973429,0.005018951836973429,True,False,18.364824109476146,19.210975048406233,0.39413735157935764,0.39413735157935764,0.5351625080677055,0.009944620761731818,500,500,540,True,True,0.6882135986726082,0.045089694569335995,0.045089694569335995,0.0,1,1,0,16.0,22.0
HELICOPTER_008.wav,data/datasets/svanstrom_drone_detection/Data/Audio/HELICOPTER_008.wav,helicopter,,0,1780431642.519048,background,background,background or insufficient evidence,0.3346126675605774,0.3346126675605774,0.3346126675605774,False,False,15.794134566791953,15.794134566791953,0.0,0.0,0.0,0.0,500,500,500,False,False,0.48285127608242956,0.08560790947699518,0.08560790947699518,0.0,1,0,0,16.0,22.0
HELICOPTER_008.wav,data/datasets/svanstrom_drone_detection/Data/Audio/HELICOPTER_008.wav,helicopter,,1,1780431642.760555,suspect,background,harmonic source detected; awaiting stronger drone evidence,0.0636507049202919,0.0636507049202919,0.0636507049202919,True,False,16.579387996611175,16.186761281701564,0.09656466610186243,0.09656466610186243,0.048282333050931214,0.05491099203761707,550,550,500,False,False,0.5576804231256831,0.09413202947121646,0.09413202947121646,0.0,1,1,0,16.0,22.0
HELICOPTER_008.wav,data/datasets/svanstrom_drone_detection/Data/Audio/HELICOPTER_008.wav,helicopter,,2,1780431642.995255,suspect,background,harmonic source detected; awaiting stronger drone evidence,0.27924951910972595,0.27924951910972595,0.27924951910972595,False,False,16.496980035737522,16.496980035737522,0.08283000595625367,0.08283000595625367,0.08283000595625367,0.12776295729754977,505,505,500,False,False,0.5832079765619732,0.09254260952791059,0.09254260952791059,0.0,1,1,0,16.0,22.0
HELICOPTER_008.wav,data/datasets/svanstrom_drone_detection/Data/Audio/HELICOPTER_008.wav,helicopter,,3,1780431643.237663,suspect,background,harmonic source detected; awaiting stronger drone evidence,0.019455675035715103,0.019455675035715103,0.019455675035715103,True,False,17.794059214334084,16.53818401617435,0.2990098690556806,0.2990098690556806,0.08969733602905805,0.03197541170182229,555,555,500,True,False,0.6481214742020375,0.08954725726849387,0.08954725726849387,0.0,1,1,0,16.0,22.0
HELICOPTER_008.wav,data/datasets/svanstrom_drone_detection/Data/Audio/HELICOPTER_008.wav,helicopter,,4,1780431643.491533,suspect,background,harmonic source detected; awaiting stronger drone evidence,0.011147130280733109,0.011147130280733109,0.011147130280733109,True,False,17.444895911587185,16.579387996611175,0.24081598526453085,0.24081598526453085,0.09656466610186243,0.019986834428279362,510,510,500,True,False,0.6198052362633976,0.11110970740580899,0.11110970740580899,0.0,1,1,0,16.0,22.0
HELICOPTER_008.wav,data/datasets/svanstrom_drone_detection/Data/Audio/HELICOPTER_008.wav,helicopter,,5,1780431643.733254,suspect,background,harmonic source detected; awaiting stronger drone evidence,0.0032126782462000847,0.0032126782462000847,0.0032126782462000847,True,False,17.080109163617912,17.080109163617912,0.1800181939363187,0.1800181939363187,0.1800181939363187,0.00631266306118784,505,505,500,True,False,0.5895311442449224,0.12146608627185677,0.12146608627185677,0.0,1,1,0,16.0,22.0
HELICOPTER_008.wav,data/datasets/svanstrom_drone_detection/Data/Audio/HELICOPTER_008.wav,helicopter,,6,1780431643.969772,suspect,background,harmonic source detected; awaiting stronger drone evidence,0.04248926043510437,0.04248926043510437,0.04248926043510437,True,False,17.09880607488428,17.09880607488428,0.18313434581404664,0.18313434581404664,0.18313434581404664,0.06897512681141597,510,510,500,True,False,0.5969304451020343,0.12379102341041612,0.12379102341041612,0.0,1,1,0,16.0,22.0
HELICOPTER_008.wav,data/datasets/svanstrom_drone_detection/Data/Audio/HELICOPTER_008.wav,helicopter,,7,1780431644.209236,suspect,background,harmonic source detected; awaiting stronger drone evidence,0.04501459747552872,0.04501459747552872,0.04501459747552872,True,False,16.11329342232524,17.09880607488428,0.018882237054206403,0.018882237054206403,0.18313434581404664,0.0722657980265232,520,520,500,True,False,0.5161921862665002,0.11737285608828542,0.11737285608828542,0.0,1,1,0,16.0,22.0
HELICOPTER_008.wav,data/datasets/svanstrom_drone_detection/Data/Audio/HELICOPTER_008.wav,helicopter,,8,1780431644.4492512,suspect,background,background or insufficient evidence,0.04425365850329399,0.04425365850329399,0.04425365850329399,True,False,15.596171008974501,17.080109163617912,0.0,0.0,0.1800181939363187,0.07104260361590249,570,570,500,True,False,0.4663983066544465,0.129693078384137,0.129693078384137,0.0,1,0,0,16.0,22.0
HELICOPTER_008.wav,data/datasets/svanstrom_drone_detection/Data/Audio/HELICOPTER_008.wav,helicopter,,9,1780431644.7006469,suspect,background,background or insufficient evidence,0.011290541850030422,0.011290541850030422,0.011290541850030422,True,False,15.709471374889379,16.11329342232524,0.0,0.0,0.018882237054206403,0.014130857680061913,550,550,500,True,False,0.47580818528286983,0.14953108330591294,0.14953108330591294,0.0,1,0,0,16.0,22.0
HELICOPTER_009.wav,data/datasets/svanstrom_drone_detection/Data/Audio/HELICOPTER_009.wav,helicopter,,0,1780431644.946281,background,background,background or insufficient evidence,0.6082839965820312,0.6082839965820312,0.6082839965820312,False,False,14.742705862408073,14.742705862408073,0.0,0.0,0.0,0.0,580,580,580,False,False,0.396732599970333,0.05973027292430627,0.05973027292430627,0.0,1,0,0,16.0,22.0
HELICOPTER_009.wav,data/datasets/svanstrom_drone_detection/Data/Audio/HELICOPTER_009.wav,helicopter,,1,1780431645.183593,suspect,background,harmonic source detected; awaiting stronger drone evidence,0.015180278569459915,0.015180278569459915,0.015180278569459915,True,False,17.1823858005658,15.962545831486937,0.19706430009430007,0.19706430009430007,0.09853215004715003,0.0263072796935274,500,500,580,False,False,0.5995532211945952,0.06316346419856132,0.06316346419856132,0.0,1,1,0,16.0,22.0
HELICOPTER_009.wav,data/datasets/svanstrom_drone_detection/Data/Audio/HELICOPTER_009.wav,helicopter,,2,1780431645.421194,suspect,background,harmonic source detected; awaiting stronger drone evidence,0.0017392855370417237,0.0017392855370417237,0.0017392855370417237,True,False,18.591784700753678,17.1823858005658,0.43196411679227964,0.43196411679227964,0.19706430009430007,0.003448120534370923,505,505,580,False,False,0.7037416138427668,0.07528511222202526,0.07528511222202526,0.0,1,1,0,16.0,22.0
HELICOPTER_009.wav,data/datasets/svanstrom_drone_detection/Data/Audio/HELICOPTER_009.wav,helicopter,,3,1780431645.681746,suspect,background,harmonic source detected; awaiting stronger drone evidence,0.004687581676989794,0.004687581676989794,0.004687581676989794,True,False,17.66178995950511,17.422087880035455,0.2769649932508518,0.2769649932508518,0.23701464667257593,0.009193303064316089,500,500,580,False,False,0.6357500336000257,0.07753521552242269,0.07753521552242269,0.0,1,1,0,16.0,22.0
HELICOPTER_009.wav,data/datasets/svanstrom_drone_detection/Data/Audio/HELICOPTER_009.wav,helicopter,,4,1780431645.932928,suspect,background,harmonic source detected; awaiting stronger drone evidence,0.001170636503957212,0.001170636503957212,0.001170636503957212,True,False,16.940985728570162,17.1823858005658,0.15683095476169365,0.15683095476169365,0.19706430009430007,0.0023274353507828542,545,545,580,True,False,0.5779544346012407,0.06730585682572658,0.06730585682572658,0.0,1,1,0,16.0,22.0
HELICOPTER_009.wav,data/datasets/svanstrom_drone_detection/Data/Audio/HELICOPTER_009.wav,helicopter,,5,1780431646.1812859,suspect,background,harmonic source detected; awaiting stronger drone evidence,0.0038204765878617764,0.0038204765878617764,0.0038204765878617764,True,False,16.99951470048571,17.1823858005658,0.1665857834142853,0.1665857834142853,0.19706430009430007,0.007495598317095732,580,580,580,True,False,0.5831039386969153,0.08426847344738182,0.08426847344738182,0.0,1,1,0,16.0,22.0
HELICOPTER_009.wav,data/datasets/svanstrom_drone_detection/Data/Audio/HELICOPTER_009.wav,helicopter,,6,1780431646.422233,suspect,background,background or insufficient evidence,0.00494068767875433,0.00494068767875433,0.00494068767875433,True,False,15.987280259009596,16.99951470048571,0.0,0.0,0.1665857834142853,0.00959669401438514,500,500,580,True,False,0.49894002317205444,0.05455176621677228,0.05455176621677228,0.0,1,0,0,16.0,22.0
HELICOPTER_009.wav,data/datasets/svanstrom_drone_detection/Data/Audio/HELICOPTER_009.wav,helicopter,,7,1780431646.6649358,suspect,background,harmonic source detected; awaiting stronger drone evidence,0.023369453847408295,0.023369453847408295,0.023369453847408295,True,False,17.1952249262459,16.99951470048571,0.19920415437431652,0.19920415437431652,0.1665857834142853,0.04098858593172983,510,510,580,True,False,0.6018105972630572,0.03998343370008126,0.03998343370008126,0.0,1,1,0,16.0,22.0
HELICOPTER_009.wav,data/datasets/svanstrom_drone_detection/Data/Audio/HELICOPTER_009.wav,helicopter,,8,1780431646.9062479,suspect,background,harmonic source detected; awaiting stronger drone evidence,0.014303430914878845,0.014303430914878845,0.014303430914878845,True,False,17.07210438970745,16.99951470048571,0.17868406495124192,0.17868406495124192,0.1665857834142853,0.02634468927248144,500,500,580,True,False,0.5905486981938595,0.045579742375072556,0.045579742375072556,0.0,1,1,0,16.0,22.0
HELICOPTER_009.wav,data/datasets/svanstrom_drone_detection/Data/Audio/HELICOPTER_009.wav,helicopter,,9,1780431647.1530838,suspect,background,harmonic source detected; awaiting stronger drone evidence,0.004258206579834223,0.004258206579834223,0.004258206579834223,True,False,16.509828834394447,16.99951470048571,0.08497147239907459,0.08497147239907459,0.1665857834142853,0.008304096936831035,505,505,580,True,False,0.5430225104882076,0.06098688125771587,0.06098688125771587,0.0,1,1,0,16.0,22.0
HELICOPTER_010.wav,data/datasets/svanstrom_drone_detection/Data/Audio/HELICOPTER_010.wav,helicopter,,0,1780431647.413506,suspect,background,harmonic source detected; awaiting stronger drone evidence,0.03426538035273552,0.03426538035273552,0.03426538035273552,True,False,18.033335627089805,18.033335627089805,0.3388892711816342,0.3388892711816342,0.3388892711816342,0.06223767335026137,505,505,505,False,False,0.6683825179238605,0.10188386128054222,0.10188386128054222,0.0,1,1,0,16.0,22.0
HELICOPTER_010.wav,data/datasets/svanstrom_drone_detection/Data/Audio/HELICOPTER_010.wav,helicopter,,1,1780431647.653963,suspect,background,harmonic source detected; awaiting stronger drone evidence,0.0068969433195889,0.0068969433195889,0.0068969433195889,True,False,19.198467130815736,18.61590137895277,0.533077855135956,0.533077855135956,0.43598356315879505,0.013579044865922301,510,510,505,False,False,0.7448996925402227,0.1173050522441823,0.1173050522441823,0.0,1,1,0,16.0,22.0
HELICOPTER_010.wav,data/datasets/svanstrom_drone_detection/Data/Audio/HELICOPTER_010.wav,helicopter,,2,1780431647.88886,suspect,background,harmonic source detected; awaiting stronger drone evidence,0.007895383052527905,0.007895383052527905,0.007895383052527905,True,False,18.259754892724732,18.259754892724732,0.37662581545412205,0.37662581545412205,0.37662581545412205,0.015466493700646787,540,540,505,True,True,0.6810711075499601,0.09468792865401147,0.09468792865401147,0.0,1,1,0,16.0,22.0
HELICOPTER_010.wav,data/datasets/svanstrom_drone_detection/Data/Audio/HELICOPTER_010.wav,helicopter,,3,1780431648.12726,suspect,background,harmonic source detected; awaiting stronger drone evidence,0.04911608621478081,0.04911608621478081,0.04911608621478081,True,False,16.662168261415708,18.14654525990727,0.110361376902618,0.110361376902618,0.3577575433178781,0.08637378232096747,500,500,505,True,True,0.5623251606012859,0.06027330637449859,0.06027330637449859,0.0,1,1,0,16.0,22.0
HELICOPTER_010.wav,data/datasets/svanstrom_drone_detection/Data/Audio/HELICOPTER_010.wav,helicopter,,4,1780431648.3683121,suspect,background,background or insufficient evidence,0.09297271817922592,0.09297271817922592,0.09297271817922592,True,False,14.155185029381292,18.033335627089805,0.0,0.0,0.3388892711816342,0.14591413239723608,500,500,505,True,True,0.3509335242402022,0.028499103579647134,0.028499103579647134,0.0,1,0,0,16.0,22.0
HELICOPTER_010.wav,data/datasets/svanstrom_drone_detection/Data/Audio/HELICOPTER_010.wav,helicopter,,5,1780431648.621087,suspect,background,harmonic source detected; awaiting stronger drone evidence,0.14946550130844116,0.14946550130844116,0.14946550130844116,True,False,18.84599890461575,18.259754892724732,0.47433315076929183,0.47433315076929183,0.37662581545412205,0.21400261710325205,505,505,505,True,True,0.743266706603695,0.06299061956727203,0.06299061956727203,0.0,1,1,0,16.0,22.0
HELICOPTER_010.wav,data/datasets/svanstrom_drone_detection/Data/Audio/HELICOPTER_010.wav,helicopter,,6,1780431648.86449,suspect,background,harmonic source detected; awaiting stronger drone evidence,0.09127838164567947,0.09127838164567947,0.09127838164567947,True,False,17.542303773104525,17.542303773104525,0.25705062885075414,0.25705062885075414,0.25705062885075414,0.13471802426131338,500,500,505,True,True,0.6394591690442933,0.03203944322899078,0.03203944322899078,0.0,1,1,0,16.0,22.0
HELICOPTER_010.wav,data/datasets/svanstrom_drone_detection/Data/Audio/HELICOPTER_010.wav,helicopter,,7,1780431649.101542,suspect,background,harmonic source detected; awaiting stronger drone evidence,0.7227277755737305,0.7227277755737305,0.7227277755737305,False,True,17.452580024701344,17.452580024701344,0.24209667078355737,0.24209667078355737,0.24209667078355737,0.36269770663658973,520,520,505,True,False,0.7271467475280996,0.022940088162208282,0.022940088162208282,0.0,1,1,0,16.0,22.0
HELICOPTER_010.wav,data/datasets/svanstrom_drone_detection/Data/Audio/HELICOPTER_010.wav,helicopter,,8,1780431649.337195,suspect,background,background or insufficient evidence,0.24265563488006592,0.24265563488006592,0.24265563488006592,False,False,15.678389903745423,17.452580024701344,0.0,0.0,0.24209667078355737,0.24237533056494157,535,535,505,True,False,0.47322479670774126,0.014229051789327646,0.014229051789327646,0.0,1,0,0,16.0,22.0
HELICOPTER_010.wav,data/datasets/svanstrom_drone_detection/Data/Audio/HELICOPTER_010.wav,helicopter,,9,1780431649.573837,suspect,background,background or insufficient evidence,0.6485894918441772,0.6485894918441772,0.6485894918441772,False,False,14.886232457536753,17.452580024701344,0.0,0.0,0.24209667078355737,0.3525847531414396,515,515,505,True,False,0.40823759942944376,0.01019381459445008,0.01019381459445008,0.0,1,0,0,16.0,22.0
HELICOPTER_011.wav,data/datasets/svanstrom_drone_detection/Data/Audio/HELICOPTER_011.wav,helicopter,,0,1780431649.822489,background,background,background or insufficient evidence,0.12285613268613815,0.12285613268613815,0.12285613268613815,True,False,15.928171597568939,15.928171597568939,0.0,0.0,0.0,0.0,520,520,520,False,False,0.49401458572675333,0.1382900818887405,0.1382900818887405,0.0,1,0,0,16.0,22.0
HELICOPTER_011.wav,data/datasets/svanstrom_drone_detection/Data/Audio/HELICOPTER_011.wav,helicopter,,1,1780431650.073029,suspect,background,harmonic source detected; awaiting stronger drone evidence,0.09052174538373947,0.09052174538373947,0.09052174538373947,True,False,16.138382124511086,16.03327686104001,0.023063687418514316,0.023063687418514316,0.011531843709257158,0.02045733816248523,505,505,520,False,False,0.5251080612264442,0.13624741043415567,0.13624741043415567,0.0,1,1,0,16.0,22.0
HELICOPTER_011.wav,data/datasets/svanstrom_drone_detection/Data/Audio/HELICOPTER_011.wav,helicopter,,2,1780431650.316255,suspect,background,background or insufficient evidence,0.0040413811802864075,0.0040413811802864075,0.0040413811802864075,True,False,15.794910437869282,15.928171597568939,0.0,0.0,0.0,0.0,510,510,520,False,False,0.4829158562358701,0.06798349602219478,0.06798349602219478,0.0,1,0,0,16.0,22.0
HELICOPTER_011.wav,data/datasets/svanstrom_drone_detection/Data/Audio/HELICOPTER_011.wav,helicopter,,3,1780431650.559647,suspect,background,background or insufficient evidence,0.004488402046263218,0.004488402046263218,0.004488402046263218,True,False,15.292374048741303,15.86154101771911,0.0,0.0,0.0,0.0,500,500,520,False,False,0.4413030629719128,0.0510535129081654,0.0510535129081654,0.0,1,0,0,16.0,22.0
HELICOPTER_011.wav,data/datasets/svanstrom_drone_detection/Data/Audio/HELICOPTER_011.wav,helicopter,,4,1780431650.805897,suspect,background,background or insufficient evidence,0.12755870819091797,0.12755870819091797,0.12755870819091797,True,False,15.706852689406485,15.794910437869282,0.0,0.0,0.0,0.0,500,500,520,False,False,0.4755904769603486,0.05234103828148153,0.05234103828148153,0.0,1,0,0,16.0,22.0
HELICOPTER_011.wav,data/datasets/svanstrom_drone_detection/Data/Audio/HELICOPTER_011.wav,helicopter,,5,1780431651.0469608,suspect,background,harmonic source detected; awaiting stronger drone evidence,0.3027397096157074,0.3027397096157074,0.3027397096157074,False,False,16.66311008555141,15.794910437869282,0.11051834759190153,0.11051834759190153,0.0,0.0,505,505,520,False,False,0.6004462399035577,0.03933154533290881,0.03933154533290881,0.0,1,1,0,16.0,22.0
HELICOPTER_011.wav,data/datasets/svanstrom_drone_detection/Data/Audio/HELICOPTER_011.wav,helicopter,,6,1780431651.301791,suspect,background,harmonic source detected; awaiting stronger drone evidence,0.01566658727824688,0.01566658727824688,0.01566658727824688,True,False,16.004815580825735,15.794910437869282,0.0008025968042891426,0.0008025968042891426,0.0,0.0,535,535,520,False,False,0.5027512864077146,0.02188124069503696,0.02188124069503696,0.0,1,1,0,16.0,22.0
HELICOPTER_011.wav,data/datasets/svanstrom_drone_detection/Data/Audio/HELICOPTER_011.wav,helicopter,,7,1780431651.546798,suspect,background,harmonic source detected; awaiting stronger drone evidence,0.15072689950466156,0.15072689950466156,0.15072689950466156,True,False,17.83510364771914,16.004815580825735,0.30585060795319013,0.30585060795319013,0.0008025968042891426,0.0015966809429067566,545,545,520,False,False,0.6709378096152443,0.025274604343878182,0.025274604343878182,0.0,1,1,0,16.0,22.0
HELICOPTER_011.wav,data/datasets/svanstrom_drone_detection/Data/Audio/HELICOPTER_011.wav,helicopter,,8,1780431651.791457,suspect,background,harmonic source detected; awaiting stronger drone evidence,0.5120868682861328,0.5120868682861328,0.5120868682861328,False,False,17.714637921084257,16.66311008555141,0.28577298684737623,0.28577298684737623,0.11051834759190153,0.18180028744711993,505,505,520,False,False,0.7159328541728988,0.014411684467288145,0.014411684467288145,0.0,1,1,0,16.0,22.0
HELICOPTER_011.wav,data/datasets/svanstrom_drone_detection/Data/Audio/HELICOPTER_011.wav,helicopter,,9,1780431652.03218,suspect,background,harmonic source detected; awaiting stronger drone evidence,0.7021582126617432,0.7021582126617432,0.7021582126617432,False,True,16.323960945020715,16.66311008555141,0.053993490836785916,0.053993490836785916,0.11051834759190153,0.19097701033418146,555,555,520,True,False,0.6322942733633706,0.010638871766921177,0.010638871766921177,0.0,1,1,0,16.0,22.0
HELICOPTER_012.wav,data/datasets/svanstrom_drone_detection/Data/Audio/HELICOPTER_012.wav,helicopter,,0,1780431652.281427,suspect,background,harmonic source detected; awaiting stronger drone evidence,0.19666346907615662,0.19666346907615662,0.19666346907615662,True,False,19.213303295646167,19.213303295646167,0.5355505492743612,0.5355505492743612,0.5355505492743612,0.2876838804077025,525,525,525,False,False,0.7743057782838594,0.07306323435153075,0.07306323435153075,0.0,1,1,0,16.0,22.0
HELICOPTER_012.wav,data/datasets/svanstrom_drone_detection/Data/Audio/HELICOPTER_012.wav,helicopter,,1,1780431652.530389,suspect,background,harmonic source detected; awaiting stronger drone evidence,0.012801963835954666,0.012801963835954666,0.012801963835954666,True,False,18.243148370753318,18.728225833199744,0.3738580617922196,0.3738580617922196,0.4547043055332904,0.02490274892770686,505,505,525,False,False,0.6806011449992024,0.07794880079358306,0.07794880079358306,0.0,1,1,0,16.0,22.0
HELICOPTER_012.wav,data/datasets/svanstrom_drone_detection/Data/Audio/HELICOPTER_012.wav,helicopter,,2,1780431652.779706,suspect,background,harmonic source detected; awaiting stronger drone evidence,0.0011356356553733349,0.0011356356553733349,0.0011356356553733349,True,False,19.019852013345336,19.019852013345336,0.5033086688908893,0.5033086688908893,0.5033086688908893,0.002266153594452049,510,510,525,True,True,0.7325279805641312,0.09337028653948144,0.09337028653948144,0.0,1,1,0,16.0,22.0
HELICOPTER_012.wav,data/datasets/svanstrom_drone_detection/Data/Audio/HELICOPTER_012.wav,helicopter,,3,1780431653.019402,suspect,background,harmonic source detected; awaiting stronger drone evidence,0.005860807839781046,0.005860807839781046,0.005860807839781046,True,False,18.09984887830171,18.631500192049327,0.34997481305028505,0.34997481305028505,0.43858336534155445,0.011567018751006129,500,500,525,True,True,0.6690557247075303,0.10425264042048044,0.10425264042048044,0.0,1,1,0,16.0,22.0
HELICOPTER_012.wav,data/datasets/svanstrom_drone_detection/Data/Audio/HELICOPTER_012.wav,helicopter,,4,1780431653.260988,suspect,background,harmonic source detected; awaiting stronger drone evidence,0.003568129613995552,0.003568129613995552,0.003568129613995552,True,False,19.911380840562483,19.019852013345336,0.6518968067604138,0.6518968067604138,0.5033086688908893,0.007086009968270318,510,510,525,True,True,0.7870079691025756,0.10497291577651938,0.10497291577651938,0.0,1,1,0,16.0,22.0
HELICOPTER_012.wav,data/datasets/svanstrom_drone_detection/Data/Audio/HELICOPTER_012.wav,helicopter,,5,1780431653.5016499,suspect,background,harmonic source detected; awaiting stronger drone evidence,0.0028637798968702555,0.0028637798968702555,0.0028637798968702555,True,False,19.650864032478417,19.019852013345336,0.6084773387464028,0.6084773387464028,0.5033086688908893,0.00569514363640447,510,510,525,True,True,0.7719567522420978,0.1093893365793309,0.1093893365793309,0.0,1,1,0,16.0,22.0
HELICOPTER_012.wav,data/datasets/svanstrom_drone_detection/Data/Audio/HELICOPTER_012.wav,helicopter,,6,1780431653.750491,suspect,background,harmonic source detected; awaiting stronger drone evidence,0.0033651283010840416,0.0033651283010840416,0.0033651283010840416,True,False,18.24256122944788,19.019852013345336,0.37376020490797995,0.37376020490797995,0.5033086688908893,0.006685543687005002,560,560,525,True,True,0.679142938257813,0.10294866238934804,0.10294866238934804,0.0,1,1,0,16.0,22.0
HELICOPTER_012.wav,data/datasets/svanstrom_drone_detection/Data/Audio/HELICOPTER_012.wav,helicopter,,7,1780431654.006151,suspect,background,harmonic source detected; awaiting stronger drone evidence,0.0016342268791049719,0.0016342268791049719,0.0016342268791049719,True,False,19.134844861238967,19.134844861238967,0.5224741435398279,0.5224741435398279,0.5224741435398279,0.003258256147290939,525,525,525,True,True,0.7400487863873374,0.09247657809280724,0.09247657809280724,0.0,1,1,0,16.0,22.0
HELICOPTER_012.wav,data/datasets/svanstrom_drone_detection/Data/Audio/HELICOPTER_012.wav,helicopter,,8,1780431654.24847,suspect,non_drone_harmonic,"harmonic source detected, but ML strongly rejects drone",0.0034052440896630287,0.0034052440896630287,0.0034052440896630287,True,False,20.70640096905413,19.650864032478417,0.7844001615090216,0.7844001615090216,0.6084773387464028,0.006772575436184582,505,505,525,True,True,0.8281233041827288,0.10798666065621193,0.10798666065621193,0.0,1,1,0,16.0,22.0
HELICOPTER_012.wav,data/datasets/svanstrom_drone_detection/Data/Audio/HELICOPTER_012.wav,helicopter,,9,1780431654.4860532,suspect,background,harmonic source detected; awaiting stronger drone evidence,0.0025058910250663757,0.0025058910250663757,0.0025058910250663757,True,False,19.464679593442874,19.464679593442874,0.5774465989071457,0.5774465989071457,0.5774465989071457,0.00499011825870952,510,510,525,True,True,0.7607794278940727,0.07652217151186776,0.07652217151186776,0.0,1,1,0,16.0,22.0
HELICOPTER_013.wav,data/datasets/svanstrom_drone_detection/Data/Audio/HELICOPTER_013.wav,helicopter,,0,1780431654.733823,suspect,background,harmonic source detected; awaiting stronger drone evidence,0.0015669695567339659,0.0015669695567339659,0.0015669695567339659,True,False,19.355013976143702,19.355013976143702,0.5591689960239504,0.5591689960239504,0.5591689960239504,0.00312517578694551,500,500,500,False,False,0.7539153463521355,0.21821608737526688,0.21821608737526688,0.0,1,1,0,16.0,22.0
HELICOPTER_013.wav,data/datasets/svanstrom_drone_detection/Data/Audio/HELICOPTER_013.wav,helicopter,,1,1780431654.974391,suspect,background,harmonic source detected; awaiting stronger drone evidence,0.014490097761154175,0.014490097761154175,0.014490097761154175,True,False,17.56851670286867,18.461765339506186,0.26141945047811177,0.26141945047811177,0.4102942232510311,0.0279915670888906,525,525,500,False,False,0.6299848709943848,0.2205625350922916,0.2205625350922916,0.0,1,1,0,16.0,22.0
HELICOPTER_013.wav,data/datasets/svanstrom_drone_detection/Data/Audio/HELICOPTER_013.wav,helicopter,,2,1780431655.228595,suspect,background,harmonic source detected; awaiting stronger drone evidence,0.5527239441871643,0.5527239441871643,0.5527239441871643,False,False,18.23800939410399,18.23800939410399,0.3730015656839984,0.3730015656839984,0.3730015656839984,0.44541642563858375,500,500,500,True,True,0.7612157701552829,0.203026606662742,0.203026606662742,0.0,1,1,0,16.0,22.0
HELICOPTER_013.wav,data/datasets/svanstrom_drone_detection/Data/Audio/HELICOPTER_013.wav,helicopter,,3,1780431655.4723258,suspect,background,background or insufficient evidence,0.07378275692462921,0.07378275692462921,0.07378275692462921,True,False,15.995498804824303,17.90326304848633,0.0,0.0,0.3172105080810551,0.11971871664840077,500,500,500,True,True,0.4996249004723937,0.1976648894399005,0.1976648894399005,0.0,1,0,0,16.0,22.0
HELICOPTER_013.wav,data/datasets/svanstrom_drone_detection/Data/Audio/HELICOPTER_013.wav,helicopter,,4,1780431655.714575,suspect,background,harmonic source detected; awaiting stronger drone evidence,0.0025758494157344103,0.0025758494157344103,0.0025758494157344103,True,False,16.574718460025892,17.56851670286867,0.09578641000431531,0.09578641000431531,0.26141945047811177,0.005101413459555472,665,665,665,True,True,0.5481336440216812,0.1887487963595123,0.1887487963595123,0.0,1,1,0,16.0,22.0
HELICOPTER_013.wav,data/datasets/svanstrom_drone_detection/Data/Audio/HELICOPTER_013.wav,helicopter,,5,1780431655.9539149,suspect,background,harmonic source detected; awaiting stronger drone evidence,0.00316571444272995,0.00316571444272995,0.00316571444272995,True,False,18.276978503636787,17.56851670286867,0.37949641727279787,0.37949641727279787,0.26141945047811177,0.006255650821626889,520,520,500,True,True,0.6816098845055409,0.1921800227485048,0.1921800227485048,0.0,1,1,0,16.0,22.0
HELICOPTER_013.wav,data/datasets/svanstrom_drone_detection/Data/Audio/HELICOPTER_013.wav,helicopter,,6,1780431656.194447,suspect,background,harmonic source detected; awaiting stronger drone evidence,0.010080013424158096,0.010080013424158096,0.010080013424158096,True,False,19.79601027233245,18.23800939410399,0.6326683787220748,0.6326683787220748,0.3730015656839984,0.019629505461093613,540,540,500,True,True,0.7814554347071697,0.1712887531497387,0.1712887531497387,0.0,1,1,0,16.0,22.0
HELICOPTER_013.wav,data/datasets/svanstrom_drone_detection/Data/Audio/HELICOPTER_013.wav,helicopter,,7,1780431656.4413922,suspect,background,harmonic source detected; awaiting stronger drone evidence,0.0025459693279117346,0.0025459693279117346,0.0025459693279117346,True,False,20.428475683618995,18.276978503636787,0.7380792806031659,0.7380792806031659,0.37949641727279787,0.005057992219290739,510,510,500,True,True,0.8143735481881973,0.15262075425406849,0.15262075425406849,0.0,1,1,0,16.0,22.0
HELICOPTER_013.wav,data/datasets/svanstrom_drone_detection/Data/Audio/HELICOPTER_013.wav,helicopter,,8,1780431656.691798,suspect,non_drone_harmonic,"harmonic source detected, but ML strongly rejects drone",0.007074884604662657,0.007074884604662657,0.007074884604662657,True,False,20.51017191961838,19.79601027233245,0.7516953199363966,0.7516953199363966,0.6326683787220748,0.013993265837826287,545,545,500,True,True,0.819140866363844,0.14855085626797596,0.14855085626797596,0.0,1,1,0,16.0,22.0
HELICOPTER_013.wav,data/datasets/svanstrom_drone_detection/Data/Audio/HELICOPTER_013.wav,helicopter,,9,1780431656.93368,suspect,background,harmonic source detected; awaiting stronger drone evidence,0.0009397008107043803,0.0009397008107043803,0.0009397008107043803,True,False,19.43496023173126,19.79601027233245,0.57249337195521,0.57249337195521,0.6326683787220748,0.0018766113289618751,590,590,500,True,True,0.7587349894327708,0.12899520063167527,0.12899520063167527,0.0,1,1,0,16.0,22.0
HELICOPTER_014.wav,data/datasets/svanstrom_drone_detection/Data/Audio/HELICOPTER_014.wav,helicopter,,0,1780431657.179214,suspect,non_drone_harmonic,"harmonic source detected, but ML strongly rejects drone",0.0024604706559330225,0.0024604706559330225,0.0024604706559330225,True,False,21.000445897980338,21.000445897980338,0.8334076496633896,0.8334076496633896,0.8334076496633896,0.004906450104637215,530,530,530,False,False,0.8415198264500592,0.2113401440328057,0.2113401440328057,0.0,1,1,0,16.0,22.0
HELICOPTER_014.wav,data/datasets/svanstrom_drone_detection/Data/Audio/HELICOPTER_014.wav,helicopter,,1,1780431657.4210691,suspect,non_drone_harmonic,"harmonic source detected, but ML strongly rejects drone",0.004471673164516687,0.004471673164516687,0.004471673164516687,True,False,23.39283348998576,22.19663969398305,1.0,1.0,0.9167038248316948,0.00889992287520682,510,510,530,False,False,0.922270062209489,0.20883482670887632,0.20883482670887632,0.0,1,1,0,16.0,22.0
HELICOPTER_014.wav,data/datasets/svanstrom_drone_detection/Data/Audio/HELICOPTER_014.wav,helicopter,,2,1780431657.662424,suspect,non_drone_harmonic,"harmonic source detected, but ML strongly rejects drone",0.001997883664444089,0.001997883664444089,0.001997883664444089,True,False,20.643355934827888,21.000445897980338,0.7738926558046479,0.7738926558046479,0.8334076496633896,0.003986206625539572,515,515,530,True,True,0.8248933143709987,0.1973000814044615,0.1973000814044615,0.0,1,1,0,16.0,22.0
HELICOPTER_014.wav,data/datasets/svanstrom_drone_detection/Data/Audio/HELICOPTER_014.wav,helicopter,,3,1780431657.915639,suspect,non_drone_harmonic,"harmonic source detected, but ML strongly rejects drone",0.0013321691658347845,0.0013321691658347845,0.0013321691658347845,True,False,23.35688045312684,22.178663175553588,1.0,1.0,0.9167038248316948,0.002660469191608375,555,555,530,True,True,0.9209288325777408,0.18791217099313215,0.18791217099313215,0.0,1,1,0,16.0,22.0
HELICOPTER_014.wav,data/datasets/svanstrom_drone_detection/Data/Audio/HELICOPTER_014.wav,helicopter,,4,1780431658.160778,suspect,non_drone_harmonic,"harmonic source detected, but ML strongly rejects drone",0.0010220225667580962,0.0010220225667580962,0.0010220225667580962,True,False,19.430089992139912,21.000445897980338,0.571681665356652,0.571681665356652,0.8334076496633896,0.0020415391083080463,505,505,530,True,True,0.7584499186645309,0.18055401821544437,0.18055401821544437,0.0,1,1,0,16.0,22.0
HELICOPTER_014.wav,data/datasets/svanstrom_drone_detection/Data/Audio/HELICOPTER_014.wav,helicopter,,5,1780431658.406118,suspect,non_drone_harmonic,"harmonic source detected, but ML strongly rejects drone",0.0005713165155611932,0.0005713165155611932,0.0005713165155611932,True,False,21.252582289310304,21.252582289310304,0.8754303815517174,0.8754303815517174,0.8754303815517174,0.001141886517719654,505,505,530,True,True,0.8521470339419419,0.179187371457837,0.179187371457837,0.0,1,1,0,16.0,22.0
HELICOPTER_014.wav,data/datasets/svanstrom_drone_detection/Data/Audio/HELICOPTER_014.wav,helicopter,,6,1780431658.650442,suspect,non_drone_harmonic,"harmonic source detected, but ML strongly rejects drone",0.0006007636548019946,0.0006007636548019946,0.0006007636548019946,True,False,24.97173340219596,21.252582289310304,1.0,1.0,0.8754303815517174,0.0012007019569395601,500,500,530,True,True,0.9522367581503985,0.17564132096073412,0.17564132096073412,0.0,1,1,0,16.0,22.0
HELICOPTER_014.wav,data/datasets/svanstrom_drone_detection/Data/Audio/HELICOPTER_014.wav,helicopter,,7,1780431658.895116,suspect,non_drone_harmonic,"harmonic source detected, but ML strongly rejects drone",0.0006429562927223742,0.0006429562927223742,0.0006429562927223742,True,False,23.336481404004186,23.336481404004186,1.0,1.0,1.0,0.001285085046842151,510,510,530,True,True,0.920327739537547,0.17354450354831802,0.17354450354831802,0.0,1,1,0,16.0,22.0
HELICOPTER_014.wav,data/datasets/svanstrom_drone_detection/Data/Audio/HELICOPTER_014.wav,helicopter,,8,1780431659.1471229,suspect,non_drone_harmonic,"harmonic source detected, but ML strongly rejects drone",0.0006014317041262984,0.0006014317041262984,0.0006014317041262984,True,False,23.51869723435695,23.336481404004186,1.0,1.0,1.0,0.0012021392014848495,525,525,530,True,True,0.9246677966252402,0.1638019396162659,0.1638019396162659,0.0,1,1,0,16.0,22.0
HELICOPTER_014.wav,data/datasets/svanstrom_drone_detection/Data/Audio/HELICOPTER_014.wav,helicopter,,9,1780431659.397229,suspect,non_drone_harmonic,"harmonic source detected, but ML strongly rejects drone",0.0006451377994380891,0.0006451377994380891,0.0006451377994380891,True,False,20.201959900276055,23.336481404004186,0.7003266500460091,0.7003266500460091,1.0,0.0012894424413746066,505,505,530,True,True,0.8023843076210169,0.1638282895581814,0.1638282895581814,0.0,1,1,0,16.0,22.0
HELICOPTER_015.wav,data/datasets/svanstrom_drone_detection/Data/Audio/HELICOPTER_015.wav,helicopter,,0,1780431659.647042,suspect,background,harmonic source detected; awaiting stronger drone evidence,0.002905097557231784,0.002905097557231784,0.002905097557231784,True,False,19.34042381843206,19.34042381843206,0.5567373030720102,0.5567373030720102,0.5567373030720102,0.0057800241273489195,505,505,505,False,False,0.7532120824266741,0.118999707157446,0.118999707157446,0.0,1,1,0,16.0,22.0
HELICOPTER_015.wav,data/datasets/svanstrom_drone_detection/Data/Audio/HELICOPTER_015.wav,helicopter,,1,1780431659.890555,suspect,background,harmonic source detected; awaiting stronger drone evidence,0.0015945323975756764,0.0015945323975756764,0.0015945323975756764,True,False,20.299201564324353,19.819812691378207,0.7165335940540588,0.7165335940540588,0.6366354485630346,0.0031810923582900556,515,515,505,False,False,0.8076179492461127,0.14598569486137575,0.14598569486137575,0.0,1,1,0,16.0,22.0
HELICOPTER_015.wav,data/datasets/svanstrom_drone_detection/Data/Audio/HELICOPTER_015.wav,helicopter,,2,1780431660.1314812,suspect,background,harmonic source detected; awaiting stronger drone evidence,0.0018771591130644083,0.0018771591130644083,0.0018771591130644083,True,False,19.177310827372565,19.34042381843206,0.5295518045620943,0.5295518045620943,0.5567373030720102,0.0037416955769773476,515,515,505,True,True,0.7428007804461574,0.16927119621464587,0.16927119621464587,0.0,1,1,0,16.0,22.0
HELICOPTER_015.wav,data/datasets/svanstrom_drone_detection/Data/Audio/HELICOPTER_015.wav,helicopter,,3,1780431660.454746,suspect,background,harmonic source detected; awaiting stronger drone evidence,0.0005386765114963055,0.0005386765114963055,0.0005386765114963055,True,False,17.46155927513961,19.25886732290231,0.24359321252326835,0.24359321252326835,0.5431445538170523,0.0010762836115793953,505,505,505,True,True,0.619524203842638,0.16760998490079806,0.16760998490079806,0.0,1,1,0,16.0,22.0
HELICOPTER_015.wav,data/datasets/svanstrom_drone_detection/Data/Audio/HELICOPTER_015.wav,helicopter,,4,1780431660.724048,suspect,background,harmonic source detected; awaiting stronger drone evidence,0.0024157105945050716,0.0024157105945050716,0.0024157105945050716,True,False,18.822019444618636,19.177310827372565,0.47033657410310603,0.47033657410310603,0.5295518045620943,0.004809472245714956,515,515,505,True,True,0.7195979667500908,0.15844213948073427,0.15844213948073427,0.0,1,1,0,16.0,22.0
HELICOPTER_015.wav,data/datasets/svanstrom_drone_detection/Data/Audio/HELICOPTER_015.wav,helicopter,,5,1780431660.9811819,suspect,background,harmonic source detected; awaiting stronger drone evidence,0.03975684940814972,0.03975684940814972,0.03975684940814972,True,False,18.22547856597573,18.822019444618636,0.3709130943292885,0.3709130943292885,0.47033657410310603,0.07331623121478655,560,560,505,True,True,0.6833585916826048,0.16967241967346075,0.16967241967346075,0.0,1,1,0,16.0,22.0
HELICOPTER_015.wav,data/datasets/svanstrom_drone_detection/Data/Audio/HELICOPTER_015.wav,helicopter,,6,1780431661.231748,suspect,background,background or insufficient evidence,0.01506350003182888,0.01506350003182888,0.01506350003182888,True,False,15.816415273985488,18.22547856597573,0.0,0.0,0.3709130943292885,0.028951159289352962,665,665,665,True,True,0.48470604528920425,0.17205817656752262,0.17205817656752262,0.0,1,0,0,16.0,22.0
HELICOPTER_015.wav,data/datasets/svanstrom_drone_detection/Data/Audio/HELICOPTER_015.wav,helicopter,,7,1780431661.494427,suspect,ml_drone_candidate,ML strongly indicates drone; harmonic rotor evidence is weak,0.9683035016059875,0.9683035016059875,0.9683035016059875,False,True,16.973279481127935,17.46155927513961,0.1622132468546559,0.1622132468546559,0.24359321252326835,0.389260839266795,500,500,505,True,False,0.7256481674128457,0.16706553408965027,0.16706553408965027,0.0,1,1,0,16.0,22.0
HELICOPTER_015.wav,data/datasets/svanstrom_drone_detection/Data/Audio/HELICOPTER_015.wav,helicopter,,8,1780431661.756135,suspect,background,harmonic source detected; awaiting stronger drone evidence,0.08457481861114502,0.08457481861114502,0.08457481861114502,True,False,16.557756563750292,16.973279481127935,0.09295942729171536,0.09295942729171536,0.1622132468546559,0.1111812300367786,500,500,505,True,False,0.5590325134860803,0.17677793173354922,0.17677793173354922,0.0,1,1,0,16.0,22.0
HELICOPTER_015.wav,data/datasets/svanstrom_drone_detection/Data/Audio/HELICOPTER_015.wav,helicopter,,9,1780431662.021425,suspect,background,harmonic source detected; awaiting stronger drone evidence,0.002697478048503399,0.002697478048503399,0.002697478048503399,True,False,18.175817777199338,16.973279481127935,0.3626362961998897,0.3626362961998897,0.1622132468546559,0.005306677530949949,600,600,505,True,False,0.6741716411783792,0.1908711264035547,0.1908711264035547,0.0,1,1,0,16.0,22.0
HELICOPTER_016.wav,data/datasets/svanstrom_drone_detection/Data/Audio/HELICOPTER_016.wav,helicopter,,0,1780431662.271735,suspect,background,harmonic source detected; awaiting stronger drone evidence,0.003023375989869237,0.003023375989869237,0.003023375989869237,True,False,16.30040455538469,16.30040455538469,0.05006742589744858,0.05006742589744858,0.05006742589744858,0.005702298582902761,500,500,500,False,False,0.5254663225707159,0.20369300891530046,0.20369300891530046,0.0,1,1,0,16.0,22.0
HELICOPTER_016.wav,data/datasets/svanstrom_drone_detection/Data/Audio/HELICOPTER_016.wav,helicopter,,1,1780431662.515744,suspect,background,harmonic source detected; awaiting stronger drone evidence,0.010476005263626575,0.010476005263626575,0.010476005263626575,True,False,19.527074145977892,17.91373935068129,0.5878456909963153,0.5878456909963153,0.318956558446882,0.020285671851542227,505,505,500,False,False,0.7657436193928578,0.18491288389431268,0.18491288389431268,0.0,1,1,0,16.0,22.0
HELICOPTER_016.wav,data/datasets/svanstrom_drone_detection/Data/Audio/HELICOPTER_016.wav,helicopter,,2,1780431662.760118,suspect,background,harmonic source detected; awaiting stronger drone evidence,0.05581260845065117,0.05581260845065117,0.05581260845065117,True,False,18.9780714029656,18.9780714029656,0.49634523382760004,0.49634523382760004,0.49634523382760004,0.10034185843213073,500,500,500,True,False,0.7379909036950064,0.20012789596202896,0.20012789596202896,0.0,1,1,0,16.0,22.0
HELICOPTER_016.wav,data/datasets/svanstrom_drone_detection/Data/Audio/HELICOPTER_016.wav,helicopter,,3,1780431663.006785,suspect,non_drone_harmonic,"harmonic source detected, but ML strongly rejects drone",0.0008255449356511235,0.0008255449356511235,0.0008255449356511235,True,False,20.777643733243586,19.252572774471744,0.7962739555405977,0.7962739555405977,0.5420954624119577,0.0016485762506477872,500,500,500,True,True,0.8310981061304136,0.1938001227827509,0.1938001227827509,0.0,1,1,0,16.0,22.0
HELICOPTER_016.wav,data/datasets/svanstrom_drone_detection/Data/Audio/HELICOPTER_016.wav,helicopter,,4,1780431663.265206,suspect,background,harmonic source detected; awaiting stronger drone evidence,0.0026077155489474535,0.0026077155489474535,0.0026077155489474535,True,False,19.02301603973204,19.02301603973204,0.5038360066220063,0.5038360066220063,0.5038360066220063,0.005188566218858908,500,500,500,True,True,0.732955468743396,0.18545182435191712,0.18545182435191712,0.0,1,1,0,16.0,22.0
HELICOPTER_016.wav,data/datasets/svanstrom_drone_detection/Data/Audio/HELICOPTER_016.wav,helicopter,,5,1780431663.5133061,suspect,background,harmonic source detected; awaiting stronger drone evidence,0.000522492453455925,0.000522492453455925,0.000522492453455925,True,False,17.901802264939032,19.02301603973204,0.3169670441565054,0.3169670441565054,0.5038360066220063,0.0010439002803434073,505,505,500,True,True,0.653459342670642,0.22384054876923437,0.22384054876923437,0.0,1,1,0,16.0,22.0
HELICOPTER_016.wav,data/datasets/svanstrom_drone_detection/Data/Audio/HELICOPTER_016.wav,helicopter,,6,1780431663.7595892,suspect,background,harmonic source detected; awaiting stronger drone evidence,0.0016878977185115218,0.0016878977185115218,0.0016878977185115218,True,False,19.52591754545649,19.02301603973204,0.5876529242427484,0.5876529242427484,0.5038360066220063,0.003364517311726353,500,500,500,True,True,0.7643559180201456,0.19648089472876806,0.19648089472876806,0.0,1,1,0,16.0,22.0
HELICOPTER_016.wav,data/datasets/svanstrom_drone_detection/Data/Audio/HELICOPTER_016.wav,helicopter,,7,1780431664.002248,suspect,background,harmonic source detected; awaiting stronger drone evidence,0.016527673229575157,0.016527673229575157,0.016527673229575157,True,False,18.960516694789867,19.02301603973204,0.4934194491316444,0.4934194491316444,0.5038360066220063,0.03200538853297146,525,525,500,True,True,0.7309422445907284,0.1951344941432808,0.1951344941432808,0.0,1,1,0,16.0,22.0
HELICOPTER_016.wav,data/datasets/svanstrom_drone_detection/Data/Audio/HELICOPTER_016.wav,helicopter,,8,1780431664.247317,suspect,background,harmonic source detected; awaiting stronger drone evidence,0.007148588076233864,0.007148588076233864,0.007148588076233864,True,False,17.675685625419,18.960516694789867,0.2792809375698333,0.2792809375698333,0.4934194491316444,0.014092970713166758,510,510,500,True,True,0.637192008896262,0.1993565905086435,0.1993565905086435,0.0,1,1,0,16.0,22.0
HELICOPTER_016.wav,data/datasets/svanstrom_drone_detection/Data/Audio/HELICOPTER_016.wav,helicopter,,9,1780431664.4953759,suspect,background,harmonic source detected; awaiting stronger drone evidence,0.019400501623749733,0.019400501623749733,0.019400501623749733,True,False,17.57018508431673,17.901802264939032,0.26169751405278835,0.26169751405278835,0.3169670441565054,0.0365629886145817,515,515,500,True,True,0.6308513693717874,0.19855814948620507,0.19855814948620507,0.0,1,1,0,16.0,22.0
HELICOPTER_017.wav,data/datasets/svanstrom_drone_detection/Data/Audio/HELICOPTER_017.wav,helicopter,,0,1780431664.751477,background,background,background or insufficient evidence,0.0022883706260472536,0.0022883706260472536,0.0022883706260472536,True,False,15.106751119705176,15.106751119705176,0.0,0.0,0.0,0.0,505,505,505,False,False,0.4261076975716691,0.21122885631052932,0.21122885631052932,0.0,1,0,0,16.0,22.0
HELICOPTER_017.wav,data/datasets/svanstrom_drone_detection/Data/Audio/HELICOPTER_017.wav,helicopter,,1,1780431664.996751,background,background,background or insufficient evidence,0.01705341972410679,0.01705341972410679,0.01705341972410679,True,False,15.293527555163914,15.200139337434546,0.0,0.0,0.0,0.0,500,500,505,False,False,0.4413978659086581,0.19398909734393371,0.19398909734393371,0.0,1,0,0,16.0,22.0
HELICOPTER_017.wav,data/datasets/svanstrom_drone_detection/Data/Audio/HELICOPTER_017.wav,helicopter,,2,1780431665.240053,background,background,background or insufficient evidence,0.008909796364605427,0.008909796364605427,0.008909796364605427,True,False,15.43636107292562,15.293527555163914,0.0,0.0,0.0,0.0,520,520,505,False,False,0.45316776840790335,0.19027660504374475,0.19027660504374475,0.0,1,0,0,16.0,22.0
HELICOPTER_017.wav,data/datasets/svanstrom_drone_detection/Data/Audio/HELICOPTER_017.wav,helicopter,,3,1780431665.4871502,suspect,background,harmonic source detected; awaiting stronger drone evidence,0.0018452315125614405,0.0018452315125614405,0.0018452315125614405,True,False,16.616181404465635,15.364944314044767,0.10269690074427255,0.10269690074427255,0.0,0.0,500,500,505,False,False,0.5514454753033727,0.19385066628493433,0.19385066628493433,0.0,1,1,0,16.0,22.0
HELICOPTER_017.wav,data/datasets/svanstrom_drone_detection/Data/Audio/HELICOPTER_017.wav,helicopter,,4,1780431665.7687418,suspect,background,harmonic source detected; awaiting stronger drone evidence,0.01810653693974018,0.01810653693974018,0.01810653693974018,True,False,16.142547657929867,15.43636107292562,0.023757942988311243,0.023757942988311243,0.0,0.0,545,545,505,False,False,0.5145927175512919,0.1999569012955431,0.1999569012955431,0.0,1,1,0,16.0,22.0
HELICOPTER_017.wav,data/datasets/svanstrom_drone_detection/Data/Audio/HELICOPTER_017.wav,helicopter,,5,1780431666.035672,suspect,background,background or insufficient evidence,0.0026829661801457405,0.0026829661801457405,0.0026829661801457405,True,False,15.90949324149509,15.90949324149509,0.0,0.0,0.0,0.0,520,520,505,False,False,0.4924583421278525,0.20567780021487286,0.20567780021487286,0.0,1,0,0,16.0,22.0
HELICOPTER_017.wav,data/datasets/svanstrom_drone_detection/Data/Audio/HELICOPTER_017.wav,helicopter,,6,1780431666.295489,suspect,background,harmonic source detected; awaiting stronger drone evidence,0.0018605801742523909,0.0018605801742523909,0.0018605801742523909,True,False,16.563546439096573,16.142547657929867,0.0939244065160955,0.0939244065160955,0.023757942988311243,0.003450771306287438,510,510,505,False,False,0.5471036788923841,0.20818882470760702,0.20818882470760702,0.0,1,1,0,16.0,22.0
HELICOPTER_017.wav,data/datasets/svanstrom_drone_detection/Data/Audio/HELICOPTER_017.wav,helicopter,,7,1780431666.5504909,suspect,background,background or insufficient evidence,0.002353835152462125,0.002353835152462125,0.002353835152462125,True,False,15.637484997938616,16.142547657929867,0.0,0.0,0.023757942988311243,0.004283135333559866,505,505,505,False,False,0.46982712268172094,0.1946910704077086,0.1946910704077086,0.0,1,0,0,16.0,22.0
HELICOPTER_017.wav,data/datasets/svanstrom_drone_detection/Data/Audio/HELICOPTER_017.wav,helicopter,,8,1780431666.808299,suspect,background,background or insufficient evidence,0.0014203771715983748,0.0014203771715983748,0.0014203771715983748,True,False,15.871127836304971,15.90949324149509,0.0,0.0,0.0,0.0,525,525,505,False,False,0.4892623041970688,0.20113689647415411,0.20113689647415411,0.0,1,0,0,16.0,22.0
HELICOPTER_017.wav,data/datasets/svanstrom_drone_detection/Data/Audio/HELICOPTER_017.wav,helicopter,,9,1780431667.060097,suspect,background,harmonic source detected; awaiting stronger drone evidence,0.001906058401800692,0.001906058401800692,0.001906058401800692,True,False,16.992983864310553,15.90949324149509,0.16549731071842544,0.16549731071842544,0.0,0.0,530,530,505,False,False,0.5822872726208939,0.1950316401385938,0.1950316401385938,0.0,1,1,0,16.0,22.0
HELICOPTER_018.wav,data/datasets/svanstrom_drone_detection/Data/Audio/HELICOPTER_018.wav,helicopter,,0,1780431667.319641,background,background,background or insufficient evidence,0.0988387018442154,0.0988387018442154,0.0988387018442154,True,False,15.444574481711816,15.444574481711816,0.0,0.0,0.0,0.0,550,550,550,False,False,0.45384630100800866,0.10502382999485226,0.10502382999485226,0.0,1,0,0,16.0,22.0
HELICOPTER_018.wav,data/datasets/svanstrom_drone_detection/Data/Audio/HELICOPTER_018.wav,helicopter,,1,1780431667.567007,background,background,background or insufficient evidence,0.13981826603412628,0.13981826603412628,0.13981826603412628,True,False,15.447205872584448,15.445890177148133,0.0,0.0,0.0,0.0,505,505,550,False,False,0.45406372393737077,0.16404674591308252,0.16404674591308252,0.0,1,0,0,16.0,22.0
HELICOPTER_018.wav,data/datasets/svanstrom_drone_detection/Data/Audio/HELICOPTER_018.wav,helicopter,,2,1780431667.810661,suspect,background,harmonic source detected; awaiting stronger drone evidence,0.006322091445326805,0.006322091445326805,0.006322091445326805,True,False,17.236149830248614,15.447205872584448,0.20602497170810233,0.20602497170810233,0.0,0.0,560,560,550,False,False,0.6025276285313393,0.1751200153350871,0.1751200153350871,0.0,1,1,0,16.0,22.0
HELICOPTER_018.wav,data/datasets/svanstrom_drone_detection/Data/Audio/HELICOPTER_018.wav,helicopter,,3,1780431668.055562,suspect,background,harmonic source detected; awaiting stronger drone evidence,0.0028851223178207874,0.0028851223178207874,0.0028851223178207874,True,False,16.884109858305973,16.165657865445212,0.14735164305099543,0.14735164305099543,0.07367582152549772,0.005552726231768602,550,550,550,False,False,0.5735799516998082,0.17365836865241213,0.17365836865241213,0.0,1,1,0,16.0,22.0
HELICOPTER_018.wav,data/datasets/svanstrom_drone_detection/Data/Audio/HELICOPTER_018.wav,helicopter,,4,1780431668.301065,suspect,background,harmonic source detected; awaiting stronger drone evidence,0.10420916229486465,0.10420916229486465,0.10420916229486465,True,False,17.092415060269584,16.884109858305973,0.1820691767115973,0.1820691767115973,0.14735164305099543,0.12208046657961266,555,555,550,False,False,0.6056732166407797,0.18030236713313164,0.18030236713313164,0.0,1,1,0,16.0,22.0
HELICOPTER_018.wav,data/datasets/svanstrom_drone_detection/Data/Audio/HELICOPTER_018.wav,helicopter,,5,1780431668.552088,suspect,background,harmonic source detected; awaiting stronger drone evidence,0.07388756424188614,0.07388756424188614,0.07388756424188614,True,False,16.129125990240656,16.884109858305973,0.02152099837344264,0.02152099837344264,0.14735164305099543,0.09842201944481911,575,575,550,True,False,0.5218419728768888,0.18488347489585638,0.18488347489585638,0.0,1,1,0,16.0,22.0
HELICOPTER_018.wav,data/datasets/svanstrom_drone_detection/Data/Audio/HELICOPTER_018.wav,helicopter,,6,1780431668.8022358,suspect,background,harmonic source detected; awaiting stronger drone evidence,0.013057749718427658,0.013057749718427658,0.013057749718427658,True,False,17.221258503915674,17.092415060269584,0.2035430839859457,0.2035430839859457,0.1820691767115973,0.02436774463231722,555,555,550,True,False,0.6023476536820688,0.1791718229625834,0.1791718229625834,0.0,1,1,0,16.0,22.0
HELICOPTER_018.wav,data/datasets/svanstrom_drone_detection/Data/Audio/HELICOPTER_018.wav,helicopter,,7,1780431669.048434,suspect,background,harmonic source detected; awaiting stronger drone evidence,0.004942720755934715,0.004942720755934715,0.004942720755934715,True,False,16.807475951990586,16.884109858305973,0.13457932533176434,0.13457932533176434,0.14735164305099543,0.009564546238617628,560,560,550,True,False,0.5676277513954142,0.18480016232293545,0.18480016232293545,0.0,1,1,0,16.0,22.0
HELICOPTER_018.wav,data/datasets/svanstrom_drone_detection/Data/Audio/HELICOPTER_018.wav,helicopter,,8,1780431669.2908108,suspect,background,harmonic source detected; awaiting stronger drone evidence,0.01115767378360033,0.01115767378360033,0.01115767378360033,True,False,16.450858517747708,16.807475951990586,0.07514308629128467,0.07514308629128467,0.13457932533176434,0.02060673563770012,560,560,550,True,False,0.5391746378685449,0.17898622856835963,0.17898622856835963,0.0,1,1,0,16.0,22.0
HELICOPTER_018.wav,data/datasets/svanstrom_drone_detection/Data/Audio/HELICOPTER_018.wav,helicopter,,9,1780431669.532435,suspect,background,harmonic source detected; awaiting stronger drone evidence,0.012178015895187855,0.012178015895187855,0.012178015895187855,True,False,16.209100241117792,16.450858517747708,0.034850040186298635,0.034850040186298635,0.07514308629128467,0.020959039609802218,550,550,550,True,False,0.5192446715269065,0.16581992876890322,0.16581992876890322,0.0,1,1,0,16.0,22.0
HELICOPTER_019.wav,data/datasets/svanstrom_drone_detection/Data/Audio/HELICOPTER_019.wav,helicopter,,0,1780431669.786981,suspect,background,harmonic source detected; awaiting stronger drone evidence,0.06457746773958206,0.06457746773958206,0.06457746773958206,True,False,18.0394659667274,18.0394659667274,0.3399109944545664,0.3399109944545664,0.3399109944545664,0.10853479919920923,545,545,545,False,False,0.6733855861762282,0.17005807907126594,0.17005807907126594,0.0,1,1,0,16.0,22.0
HELICOPTER_019.wav,data/datasets/svanstrom_drone_detection/Data/Audio/HELICOPTER_019.wav,helicopter,,1,1780431670.041022,suspect,background,harmonic source detected; awaiting stronger drone evidence,0.028925208374857903,0.028925208374857903,0.028925208374857903,True,False,16.680012392130553,17.359739179428978,0.11333539868842557,0.11333539868842557,0.226623196571496,0.051302198764915825,560,560,545,False,False,0.5607650902315373,0.17036603381556373,0.17036603381556373,0.0,1,1,0,16.0,22.0
HELICOPTER_019.wav,data/datasets/svanstrom_drone_detection/Data/Audio/HELICOPTER_019.wav,helicopter,,2,1780431670.2832398,suspect,background,background or insufficient evidence,0.07708413153886795,0.07708413153886795,0.07708413153886795,True,False,15.371673034375068,16.680012392130553,0.0,0.0,0.11333539868842557,0.09175860155499589,565,565,545,True,False,0.4478299881031427,0.14437875871048877,0.14437875871048877,0.0,1,0,0,16.0,22.0
HELICOPTER_019.wav,data/datasets/svanstrom_drone_detection/Data/Audio/HELICOPTER_019.wav,helicopter,,3,1780431670.5272498,suspect,background,harmonic source detected; awaiting stronger drone evidence,0.10759468376636505,0.10759468376636505,0.10759468376636505,True,False,16.096509084872924,16.38826073850174,0.016084847478820663,0.016084847478820663,0.06471012308362312,0.0808152128700643,595,595,545,True,False,0.5241809327912973,0.11345341867670973,0.11345341867670973,0.0,1,1,0,16.0,22.0
HELICOPTER_019.wav,data/datasets/svanstrom_drone_detection/Data/Audio/HELICOPTER_019.wav,helicopter,,4,1780431670.774143,suspect,background,background or insufficient evidence,0.016754150390625,0.016754150390625,0.016754150390625,True,False,15.349675727700872,16.096509084872924,0.0,0.0,0.016084847478820663,0.016412178511202545,550,550,545,True,False,0.44601753742096406,0.11339327037585534,0.11339327037585534,0.0,1,0,0,16.0,22.0
HELICOPTER_019.wav,data/datasets/svanstrom_drone_detection/Data/Audio/HELICOPTER_019.wav,helicopter,,5,1780431671.0226429,suspect,background,harmonic source detected; awaiting stronger drone evidence,0.01608564332127571,0.01608564332127571,0.01608564332127571,True,False,16.055403105167418,16.055403105167418,0.009233850861236329,0.009233850861236329,0.009233850861236329,0.011732190561927355,590,590,545,True,False,0.5070296407141054,0.12252639245697403,0.12252639245697403,0.0,1,1,0,16.0,22.0
HELICOPTER_019.wav,data/datasets/svanstrom_drone_detection/Data/Audio/HELICOPTER_019.wav,helicopter,,6,1780431671.283802,suspect,background,background or insufficient evidence,0.046953365206718445,0.046953365206718445,0.046953365206718445,True,False,15.957076656861643,15.957076656861643,0.0,0.0,0.0,0.0,505,505,545,True,False,0.49642311575770104,0.1431798967227488,0.1431798967227488,0.0,1,0,0,16.0,22.0
HELICOPTER_019.wav,data/datasets/svanstrom_drone_detection/Data/Audio/HELICOPTER_019.wav,helicopter,,7,1780431671.531468,suspect,background,background or insufficient evidence,0.019098803400993347,0.019098803400993347,0.019098803400993347,True,False,15.495250351813612,15.957076656861643,0.0,0.0,0.0,0.0,580,580,545,True,False,0.45803647468156655,0.16100242262008435,0.16100242262008435,0.0,1,0,0,16.0,22.0
HELICOPTER_019.wav,data/datasets/svanstrom_drone_detection/Data/Audio/HELICOPTER_019.wav,helicopter,,8,1780431671.77872,suspect,background,harmonic source detected; awaiting stronger drone evidence,0.01192336156964302,0.01192336156964302,0.01192336156964302,True,False,16.28727906578313,15.957076656861643,0.04787984429718861,0.04787984429718861,0.0,0.0,560,560,545,False,False,0.5257101492170313,0.16434724357051692,0.16434724357051692,0.0,1,1,0,16.0,22.0
HELICOPTER_019.wav,data/datasets/svanstrom_drone_detection/Data/Audio/HELICOPTER_019.wav,helicopter,,9,1780431672.020326,suspect,background,harmonic source detected; awaiting stronger drone evidence,0.028275921940803528,0.028275921940803528,0.028275921940803528,True,False,16.753615435772474,16.055403105167418,0.12560257262874566,0.12560257262874566,0.009233850861236329,0.013921101948139086,575,575,545,False,False,0.5667144942384124,0.16302820944556048,0.16302820944556048,0.0,1,1,0,16.0,22.0
HELICOPTER_020.wav,data/datasets/svanstrom_drone_detection/Data/Audio/HELICOPTER_020.wav,helicopter,,0,1780431672.271487,suspect,background,harmonic source detected; awaiting stronger drone evidence,0.01849394291639328,0.01849394291639328,0.01849394291639328,True,False,18.932138936775953,18.932138936775953,0.48868982279599216,0.48868982279599216,0.48868982279599216,0.03563908972666812,545,545,545,False,False,0.7293620628860004,0.17321511280725552,0.17321511280725552,0.0,1,1,0,16.0,22.0
HELICOPTER_020.wav,data/datasets/svanstrom_drone_detection/Data/Audio/HELICOPTER_020.wav,helicopter,,1,1780431672.523922,suspect,background,harmonic source detected; awaiting stronger drone evidence,0.07342234998941422,0.07342234998941422,0.07342234998941422,True,False,17.525138325016897,18.228638630896427,0.2541897208361495,0.2541897208361495,0.3714397718160708,0.12260841409188461,555,555,545,False,False,0.6354398534958049,0.17792485129354507,0.17792485129354507,0.0,1,1,0,16.0,22.0
HELICOPTER_020.wav,data/datasets/svanstrom_drone_detection/Data/Audio/HELICOPTER_020.wav,helicopter,,2,1780431672.776908,suspect,background,harmonic source detected; awaiting stronger drone evidence,0.05262299254536629,0.05262299254536629,0.05262299254536629,True,False,17.14061378865301,17.525138325016897,0.19010229810883494,0.19010229810883494,0.2541897208361495,0.08719443232992918,545,545,545,True,False,0.6018158969879718,0.17762912043554463,0.17762912043554463,0.0,1,1,0,16.0,22.0
HELICOPTER_020.wav,data/datasets/svanstrom_drone_detection/Data/Audio/HELICOPTER_020.wav,helicopter,,3,1780431673.026499,suspect,background,harmonic source detected; awaiting stronger drone evidence,0.02489781193435192,0.02489781193435192,0.02489781193435192,True,False,18.0869081135479,17.806023219282398,0.34781801892464986,0.34781801892464986,0.3010038698803997,0.045991261575774524,545,545,545,True,True,0.6709541882417027,0.1760567926896862,0.1760567926896862,0.0,1,1,0,16.0,22.0
HELICOPTER_020.wav,data/datasets/svanstrom_drone_detection/Data/Audio/HELICOPTER_020.wav,helicopter,,4,1780431673.279393,suspect,background,harmonic source detected; awaiting stronger drone evidence,0.016248410567641258,0.016248410567641258,0.016248410567641258,True,False,17.45881758444994,17.525138325016897,0.2431362640749898,0.2431362640749898,0.2541897208361495,0.030544240582204295,545,545,545,True,True,0.6216652045395449,0.16134363808869495,0.16134363808869495,0.0,1,1,0,16.0,22.0
HELICOPTER_020.wav,data/datasets/svanstrom_drone_detection/Data/Audio/HELICOPTER_020.wav,helicopter,,5,1780431673.530685,suspect,background,harmonic source detected; awaiting stronger drone evidence,0.030527913942933083,0.030527913942933083,0.030527913942933083,True,False,18.7603060648737,17.525138325016897,0.4600510108122832,0.4600510108122832,0.2541897208361495,0.05450912567689969,515,515,545,True,True,0.7196420799455812,0.16153931535530788,0.16153931535530788,0.0,1,1,0,16.0,22.0
HELICOPTER_020.wav,data/datasets/svanstrom_drone_detection/Data/Audio/HELICOPTER_020.wav,helicopter,,6,1780431673.780942,suspect,background,harmonic source detected; awaiting stronger drone evidence,0.011026281863451004,0.011026281863451004,0.011026281863451004,True,False,17.00970301323723,17.45881758444994,0.16828383553953863,0.16828383553953863,0.2431362640749898,0.021095778853877135,525,525,545,True,False,0.5850104713035365,0.13106022009451768,0.13106022009451768,0.0,1,1,0,16.0,22.0
HELICOPTER_020.wav,data/datasets/svanstrom_drone_detection/Data/Audio/HELICOPTER_020.wav,helicopter,,7,1780431674.036226,suspect,background,harmonic source detected; awaiting stronger drone evidence,0.04440651834011078,0.04440651834011078,0.04440651834011078,True,False,17.15006501126903,17.45881758444994,0.19167750187817192,0.19167750187817192,0.2431362640749898,0.07509698091267127,525,525,545,True,False,0.6013430112690641,0.10242250141233636,0.10242250141233636,0.0,1,1,0,16.0,22.0
HELICOPTER_020.wav,data/datasets/svanstrom_drone_detection/Data/Audio/HELICOPTER_020.wav,helicopter,,8,1780431674.283983,suspect,background,harmonic source detected; awaiting stronger drone evidence,0.002688196487724781,0.002688196487724781,0.002688196487724781,True,False,16.488478447679004,17.15006501126903,0.08141307461316731,0.08141307461316731,0.19167750187817192,0.00530200689374029,505,505,545,True,False,0.5410200690684377,0.12573781841700699,0.12573781841700699,0.0,1,1,0,16.0,22.0
HELICOPTER_020.wav,data/datasets/svanstrom_drone_detection/Data/Audio/HELICOPTER_020.wav,helicopter,,9,1780431674.528765,suspect,background,harmonic source detected; awaiting stronger drone evidence,0.015333207324147224,0.015333207324147224,0.015333207324147224,True,False,16.923725117510017,17.00970301323723,0.15395418625166948,0.15395418625166948,0.16828383553953863,0.028105418175555043,500,500,545,True,False,0.578674617754777,0.14808222307565688,0.14808222307565688,0.0,1,1,0,16.0,22.0
HELICOPTER_021.wav,data/datasets/svanstrom_drone_detection/Data/Audio/HELICOPTER_021.wav,helicopter,,0,1780431674.780145,suspect,non_drone_harmonic,"harmonic source detected, but ML strongly rejects drone",0.0014504047576338053,0.0014504047576338053,0.0014504047576338053,True,False,20.973357919625435,20.973357919625435,0.8288929866042393,0.8288929866042393,0.8288929866042393,0.002895739030327568,520,520,520,False,False,0.8401581330854446,0.08024036525348432,0.08024036525348432,0.0,1,1,0,16.0,22.0
HELICOPTER_021.wav,data/datasets/svanstrom_drone_detection/Data/Audio/HELICOPTER_021.wav,helicopter,,1,1780431675.037302,suspect,non_drone_harmonic,"harmonic source detected, but ML strongly rejects drone",0.0023476523347198963,0.0023476523347198963,0.0023476523347198963,True,False,21.16952765815043,21.071442788887932,0.8615879430250715,0.8615879430250715,0.8452404648146554,0.004682294074977243,515,515,520,False,False,0.8488896062439969,0.09551002668250626,0.09551002668250626,0.0,1,1,0,16.0,22.0
HELICOPTER_021.wav,data/datasets/svanstrom_drone_detection/Data/Audio/HELICOPTER_021.wav,helicopter,,2,1780431675.318578,suspect,non_drone_harmonic,"harmonic source detected, but ML strongly rejects drone",0.0015905973268672824,0.0015905973268672824,0.0015905973268672824,True,False,26.694582298446388,21.16952765815043,1.0,1.0,0.8615879430250715,0.0031753289205117127,500,500,520,True,True,0.9727165627772857,0.0715359686850618,0.0715359686850618,0.0,1,1,0,16.0,22.0
HELICOPTER_021.wav,data/datasets/svanstrom_drone_detection/Data/Audio/HELICOPTER_021.wav,helicopter,,3,1780431675.564244,suspect,non_drone_harmonic,"harmonic source detected, but ML strongly rejects drone",0.005055129993706942,0.005055129993706942,0.005055129993706942,True,False,25.770287365037927,23.46990751159418,1.0,1.0,0.9307939715125357,0.010055637149115032,515,515,520,True,True,0.9636736225997882,0.0779970912989355,0.0779970912989355,0.0,1,1,0,16.0,22.0
HELICOPTER_021.wav,data/datasets/svanstrom_drone_detection/Data/Audio/HELICOPTER_021.wav,helicopter,,4,1780431675.806478,suspect,non_drone_harmonic,"harmonic source detected, but ML strongly rejects drone",0.00254016718827188,0.00254016718827188,0.00254016718827188,True,False,22.286624233379374,22.286624233379374,1.0,1.0,1.0,0.005067457120780459,500,500,520,True,True,0.8908500967772714,0.06898440843414548,0.06898440843414548,0.0,1,1,0,16.0,22.0
HELICOPTER_021.wav,data/datasets/svanstrom_drone_detection/Data/Audio/HELICOPTER_021.wav,helicopter,,5,1780431676.049591,suspect,non_drone_harmonic,"harmonic source detected, but ML strongly rejects drone",0.000947076128795743,0.000947076128795743,0.000947076128795743,True,False,19.19488779108423,22.286624233379374,0.5324812985140385,0.5324812985140385,1.0,0.0018923581579947594,575,575,520,True,True,0.7437798227140078,0.05281015598501737,0.05281015598501737,0.0,1,1,0,16.0,22.0
HELICOPTER_021.wav,data/datasets/svanstrom_drone_detection/Data/Audio/HELICOPTER_021.wav,helicopter,,6,1780431676.295876,suspect,non_drone_harmonic,"harmonic source detected, but ML strongly rejects drone",0.009446466341614723,0.009446466341614723,0.009446466341614723,True,False,24.31156866686652,24.31156866686652,1.0,1.0,1.0,0.018716112837154568,500,500,520,True,True,0.9424789648544883,0.07714845603935366,0.07714845603935366,0.0,1,1,0,16.0,22.0
HELICOPTER_021.wav,data/datasets/svanstrom_drone_detection/Data/Audio/HELICOPTER_021.wav,helicopter,,7,1780431676.5533152,suspect,non_drone_harmonic,"harmonic source detected, but ML strongly rejects drone",0.0011051406618207693,0.0011051406618207693,0.0011051406618207693,True,False,19.642618134093446,22.286624233379374,0.6071030223489077,0.6071030223489077,1.0,0.0022078391429907174,500,500,520,True,True,0.7712080850740667,0.05422859391469113,0.05422859391469113,0.0,1,1,0,16.0,22.0
HELICOPTER_021.wav,data/datasets/svanstrom_drone_detection/Data/Audio/HELICOPTER_021.wav,helicopter,,8,1780431676.803485,suspect,non_drone_harmonic,"harmonic source detected, but ML strongly rejects drone",0.004166544880717993,0.004166544880717993,0.004166544880717993,True,False,25.686749017545395,22.286624233379374,1.0,1.0,1.0,0.0082985053678725,500,500,520,True,True,0.9625330481811187,0.03845556167411696,0.03845556167411696,0.0,1,1,0,16.0,22.0
HELICOPTER_021.wav,data/datasets/svanstrom_drone_detection/Data/Audio/HELICOPTER_021.wav,helicopter,,9,1780431677.045922,suspect,non_drone_harmonic,"harmonic source detected, but ML strongly rejects drone",0.0020799459889531136,0.0020799459889531136,0.0020799459889531136,True,False,25.896610555254377,24.31156866686652,1.0,1.0,1.0,0.004151253443703425,500,500,520,True,True,0.9647020229867947,0.057301151020461974,0.057301151020461974,0.0,1,1,0,16.0,22.0
HELICOPTER_022.wav,data/datasets/svanstrom_drone_detection/Data/Audio/HELICOPTER_022.wav,helicopter,,0,1780431677.299176,suspect,non_drone_harmonic,"harmonic source detected, but ML strongly rejects drone",0.0016702626598998904,0.0016702626598998904,0.0016702626598998904,True,False,20.512405417480974,20.512405417480974,0.7520675695801623,0.7520675695801623,0.7520675695801623,0.0033331183838789663,500,500,500,False,False,0.8184409471991272,0.11699384234382947,0.11699384234382947,0.0,1,1,0,16.0,22.0
HELICOPTER_022.wav,data/datasets/svanstrom_drone_detection/Data/Audio/HELICOPTER_022.wav,helicopter,,1,1780431677.5459719,suspect,background,harmonic source detected; awaiting stronger drone evidence,0.001729699899442494,0.001729699899442494,0.001729699899442494,True,False,18.121566761786976,19.316986089633975,0.35359446029782937,0.35359446029782937,0.5528310149389959,0.00344860355615156,620,620,500,False,False,0.6700391717362257,0.040486556372761856,0.040486556372761856,0.0,1,1,0,16.0,22.0
HELICOPTER_022.wav,data/datasets/svanstrom_drone_detection/Data/Audio/HELICOPTER_022.wav,helicopter,,2,1780431677.799253,suspect,background,harmonic source detected; awaiting stronger drone evidence,0.0005952391657046974,0.0005952391657046974,0.0005952391657046974,True,False,17.022774573473615,18.121566761786976,0.17046242891226923,0.17046242891226923,0.35359446029782937,0.0011884742985305413,545,545,500,True,False,0.5845044503257442,0.07067524112212152,0.07067524112212152,0.0,1,1,0,16.0,22.0
HELICOPTER_022.wav,data/datasets/svanstrom_drone_detection/Data/Audio/HELICOPTER_022.wav,helicopter,,3,1780431678.054235,suspect,background,harmonic source detected; awaiting stronger drone evidence,0.001080741873010993,0.001080741873010993,0.001080741873010993,True,False,18.0865805635512,18.104073662669087,0.34776342725853304,0.34776342725853304,0.3506789437781812,0.002154836705658234,500,500,500,True,True,0.6673573844812156,0.0934615309248326,0.0934615309248326,0.0,1,1,0,16.0,22.0
HELICOPTER_022.wav,data/datasets/svanstrom_drone_detection/Data/Audio/HELICOPTER_022.wav,helicopter,,4,1780431678.302397,suspect,background,harmonic source detected; awaiting stronger drone evidence,0.0006336560472846031,0.0006336560472846031,0.0006336560472846031,True,False,20.016471719551618,18.121566761786976,0.6694119532586029,0.6694119532586029,0.35359446029782937,0.0012650415096638378,570,570,500,True,True,0.7923915151723591,0.11722015833871793,0.11722015833871793,0.0,1,1,0,16.0,22.0
HELICOPTER_022.wav,data/datasets/svanstrom_drone_detection/Data/Audio/HELICOPTER_022.wav,helicopter,,5,1780431678.5491352,suspect,background,background or insufficient evidence,0.000933338247705251,0.000933338247705251,0.000933338247705251,True,False,15.124316573023497,18.0865805635512,0.0,0.0,0.34776342725853304,0.0018616747219026553,635,635,500,True,True,0.42754013145054304,0.11530172096996635,0.11530172096996635,0.0,1,0,0,16.0,22.0
HELICOPTER_022.wav,data/datasets/svanstrom_drone_detection/Data/Audio/HELICOPTER_022.wav,helicopter,,6,1780431678.796973,suspect,background,harmonic source detected; awaiting stronger drone evidence,0.0007081988733261824,0.0007081988733261824,0.0007081988733261824,True,False,16.488271443412582,17.022774573473615,0.08137857390209706,0.08137857390209706,0.17046242891226923,0.0014105293226670194,610,610,500,True,False,0.5407059328562769,0.06761054755356773,0.06761054755356773,0.0,1,1,0,16.0,22.0
HELICOPTER_022.wav,data/datasets/svanstrom_drone_detection/Data/Audio/HELICOPTER_022.wav,helicopter,,7,1780431679.0457568,suspect,background,harmonic source detected; awaiting stronger drone evidence,0.00139925058465451,0.00139925058465451,0.00139925058465451,True,False,17.484835194219237,17.484835194219237,0.24747253236987277,0.24747253236987277,0.24747253236987277,0.0027827557637569904,600,600,500,True,False,0.6214805569593567,0.05018136798800181,0.05018136798800181,0.0,1,1,0,16.0,22.0
HELICOPTER_022.wav,data/datasets/svanstrom_drone_detection/Data/Audio/HELICOPTER_022.wav,helicopter,,8,1780431679.302999,suspect,background,harmonic source detected; awaiting stronger drone evidence,0.057876478880643845,0.057876478880643845,0.057876478880643845,True,False,16.67391249829886,16.67391249829886,0.11231874971647689,0.11231874971647689,0.11231874971647689,0.07638963330091052,575,575,500,True,False,0.5646058727846479,0.05402296166081516,0.05402296166081516,0.0,1,1,0,16.0,22.0
HELICOPTER_022.wav,data/datasets/svanstrom_drone_detection/Data/Audio/HELICOPTER_022.wav,helicopter,,9,1780431679.547789,suspect,background,harmonic source detected; awaiting stronger drone evidence,0.22283203899860382,0.22283203899860382,0.22283203899860382,False,False,17.72169526922729,16.67391249829886,0.2869492115378816,0.2869492115378816,0.11231874971647689,0.14935451255116763,590,590,500,True,False,0.6730870342900557,0.07689117501195374,0.07689117501195374,0.0,1,1,0,16.0,22.0
HELICOPTER_023.wav,data/datasets/svanstrom_drone_detection/Data/Audio/HELICOPTER_023.wav,helicopter,,0,1780431679.797793,suspect,background,harmonic source detected; awaiting stronger drone evidence,0.0007739231223240495,0.0007739231223240495,0.0007739231223240495,True,False,18.63715722157646,18.63715722157646,0.43952620359607647,0.43952620359607647,0.43952620359607647,0.001545122059375806,595,595,595,False,False,0.706741906573854,0.0746289326611824,0.0746289326611824,0.0,1,1,0,16.0,22.0
HELICOPTER_023.wav,data/datasets/svanstrom_drone_detection/Data/Audio/HELICOPTER_023.wav,helicopter,,1,1780431680.0418181,suspect,background,harmonic source detected; awaiting stronger drone evidence,0.0017446387792006135,0.0017446387792006135,0.0017446387792006135,True,False,19.29124596701595,18.964201594296206,0.5485409945026584,0.5485409945026584,0.4940335990493674,0.003476991811535309,510,510,595,False,False,0.7499746548714574,0.07505130318361762,0.07505130318361762,0.0,1,1,0,16.0,22.0
HELICOPTER_023.wav,data/datasets/svanstrom_drone_detection/Data/Audio/HELICOPTER_023.wav,helicopter,,2,1780431680.289286,suspect,background,harmonic source detected; awaiting stronger drone evidence,0.001382125890813768,0.001382125890813768,0.001382125890813768,True,False,19.099022097992876,19.099022097992876,0.5165036829988127,0.5165036829988127,0.5165036829988127,0.0027568692645557175,505,505,595,True,True,0.737705839788937,0.091986538891101,0.091986538891101,0.0,1,1,0,16.0,22.0
HELICOPTER_023.wav,data/datasets/svanstrom_drone_detection/Data/Audio/HELICOPTER_023.wav,helicopter,,3,1780431680.547206,suspect,non_drone_harmonic,"harmonic source detected, but ML strongly rejects drone",0.0006161355995573103,0.0006161355995573103,0.0006161355995573103,True,False,21.088450545719958,19.195134032504413,0.8480750909533263,0.8480750909533263,0.5325223387507355,0.0012308447835857207,500,500,595,True,True,0.8451236777616136,0.10165910637432955,0.10165910637432955,0.0,1,1,0,16.0,22.0
HELICOPTER_023.wav,data/datasets/svanstrom_drone_detection/Data/Audio/HELICOPTER_023.wav,helicopter,,4,1780431680.79468,suspect,background,harmonic source detected; awaiting stronger drone evidence,0.0012035954277962446,0.0012035954277962446,0.0012035954277962446,True,False,20.336208867484913,19.29124596701595,0.7227014779141522,0.7227014779141522,0.5485409945026584,0.002401916250117534,500,500,595,True,True,0.8094704753213366,0.10110193432292529,0.10110193432292529,0.0,1,1,0,16.0,22.0
HELICOPTER_023.wav,data/datasets/svanstrom_drone_detection/Data/Audio/HELICOPTER_023.wav,helicopter,,5,1780431681.039687,suspect,background,harmonic source detected; awaiting stronger drone evidence,0.0004396184522192925,0.0004396184522192925,0.0004396184522192925,True,False,19.41686690727177,19.41686690727177,0.5694778178786285,0.5694778178786285,0.5694778178786285,0.0008785571440039833,535,535,595,True,True,0.757553783641898,0.10455149876311269,0.10455149876311269,0.0,1,1,0,16.0,22.0
HELICOPTER_023.wav,data/datasets/svanstrom_drone_detection/Data/Audio/HELICOPTER_023.wav,helicopter,,6,1780431681.293105,suspect,non_drone_harmonic,"harmonic source detected, but ML strongly rejects drone",0.0006029439973644912,0.0006029439973644912,0.0006029439973644912,True,False,22.527014472240236,20.336208867484913,1.0,1.0,0.7227014779141522,0.001204881104978335,595,595,595,True,True,0.8981338714973958,0.11818939988839344,0.11818939988839344,0.0,1,1,0,16.0,22.0
HELICOPTER_023.wav,data/datasets/svanstrom_drone_detection/Data/Audio/HELICOPTER_023.wav,helicopter,,7,1780431681.5418859,suspect,non_drone_harmonic,"harmonic source detected, but ML strongly rejects drone",0.001446821028366685,0.001446821028366685,0.001446821028366685,True,False,22.505205967753678,21.088450545719958,1.0,1.0,0.8480750909533263,0.002888710493665186,580,580,595,True,True,0.897592918491717,0.11239756452068574,0.11239756452068574,0.0,1,1,0,16.0,22.0
HELICOPTER_023.wav,data/datasets/svanstrom_drone_detection/Data/Audio/HELICOPTER_023.wav,helicopter,,8,1780431681.801663,suspect,non_drone_harmonic,"harmonic source detected, but ML strongly rejects drone",0.0010539577342569828,0.0010539577342569828,0.0010539577342569828,True,False,20.97495647701978,20.97495647701978,0.8291594128366301,0.8291594128366301,0.8291594128366301,0.002105236929325178,575,575,595,True,True,0.8401702899587886,0.11816543345088476,0.11816543345088476,0.0,1,1,0,16.0,22.0
HELICOPTER_023.wav,data/datasets/svanstrom_drone_detection/Data/Audio/HELICOPTER_023.wav,helicopter,,9,1780431682.057141,suspect,non_drone_harmonic,"harmonic source detected, but ML strongly rejects drone",0.0022444925270974636,0.0022444925270974636,0.0022444925270974636,True,False,24.649444994167332,22.505205967753678,1.0,1.0,1.0,0.004478927655614835,505,505,595,True,True,0.9473437579798256,0.1407863059547762,0.1407863059547762,0.0,1,1,0,16.0,22.0
HELICOPTER_024.wav,data/datasets/svanstrom_drone_detection/Data/Audio/HELICOPTER_024.wav,helicopter,,0,1780431682.3125901,suspect,non_drone_harmonic,"harmonic source detected, but ML strongly rejects drone",0.0009178874315693974,0.0009178874315693974,0.0009178874315693974,True,False,23.66769242786995,23.66769242786995,1.0,1.0,1.0,0.0018340895413109116,500,500,500,False,False,0.9281063977507313,0.16339907246406218,0.16339907246406218,0.0,1,1,0,16.0,22.0
HELICOPTER_024.wav,data/datasets/svanstrom_drone_detection/Data/Audio/HELICOPTER_024.wav,helicopter,,1,1780431682.560171,suspect,non_drone_harmonic,"harmonic source detected, but ML strongly rejects drone",0.000876653881277889,0.000876653881277889,0.000876653881277889,True,False,21.13337315145956,22.400532789664755,0.8555621919099264,0.8555621919099264,0.9277810959549633,0.0017516507519874146,575,575,500,False,False,0.8471135631950779,0.16333238136659212,0.16333238136659212,0.0,1,1,0,16.0,22.0
HELICOPTER_024.wav,data/datasets/svanstrom_drone_detection/Data/Audio/HELICOPTER_024.wav,helicopter,,2,1780431682.8081222,suspect,non_drone_harmonic,"harmonic source detected, but ML strongly rejects drone",0.0021542380563914776,0.0021542380563914776,0.0021542380563914776,True,False,22.173067689093543,22.173067689093543,1.0,1.0,1.0,0.004299210291151037,580,580,500,True,True,0.8870454056012771,0.14285900891931175,0.14285900891931175,0.0,1,1,0,16.0,22.0
HELICOPTER_024.wav,data/datasets/svanstrom_drone_detection/Data/Audio/HELICOPTER_024.wav,helicopter,,3,1780431683.0604548,suspect,non_drone_harmonic,"harmonic source detected, but ML strongly rejects drone",0.0008337683975696564,0.0008337683975696564,0.0008337683975696564,True,False,27.972722580999196,22.920380058481747,1.0,1.0,1.0,0.0016661459491552194,520,520,500,True,True,0.9819775517849938,0.14623348158285285,0.14623348158285285,0.0,1,1,0,16.0,22.0
HELICOPTER_024.wav,data/datasets/svanstrom_drone_detection/Data/Audio/HELICOPTER_024.wav,helicopter,,4,1780431683.31604,suspect,non_drone_harmonic,"harmonic source detected, but ML strongly rejects drone",0.0006168289692141116,0.0006168289692141116,0.0006168289692141116,True,False,25.427207224708685,23.66769242786995,1.0,1.0,1.0,0.0012328962194278262,535,535,500,True,True,0.9587008338970889,0.13763579416624758,0.13763579416624758,0.0,1,1,0,16.0,22.0
HELICOPTER_024.wav,data/datasets/svanstrom_drone_detection/Data/Audio/HELICOPTER_024.wav,helicopter,,5,1780431683.5675678,suspect,non_drone_harmonic,"harmonic source detected, but ML strongly rejects drone",0.0006399198318831623,0.0006399198318831623,0.0006399198318831623,True,False,21.600293267171754,22.173067689093543,0.9333822111952923,0.9333822111952923,1.0,0.001279019914537724,505,505,500,True,True,0.866179438049557,0.12483966102203381,0.12483966102203381,0.0,1,1,0,16.0,22.0
HELICOPTER_024.wav,data/datasets/svanstrom_drone_detection/Data/Audio/HELICOPTER_024.wav,helicopter,,6,1780431683.815031,suspect,non_drone_harmonic,"harmonic source detected, but ML strongly rejects drone",0.0031946038361638784,0.0031946038361638784,0.0031946038361638784,True,False,22.111454868986907,22.173067689093543,1.0,1.0,1.0,0.006368855333791122,525,525,500,True,True,0.8851221004503929,0.1259631724344173,0.1259631724344173,0.0,1,1,0,16.0,22.0
HELICOPTER_024.wav,data/datasets/svanstrom_drone_detection/Data/Audio/HELICOPTER_024.wav,helicopter,,7,1780431684.064103,suspect,non_drone_harmonic,"harmonic source detected, but ML strongly rejects drone",0.0026295373681932688,0.0026295373681932688,0.0026295373681932688,True,False,24.080089153631295,24.080089153631295,1.0,1.0,1.0,0.005245276839653311,530,530,500,True,True,0.9370283055884653,0.13654752598656927,0.13654752598656927,0.0,1,1,0,16.0,22.0
HELICOPTER_024.wav,data/datasets/svanstrom_drone_detection/Data/Audio/HELICOPTER_024.wav,helicopter,,8,1780431684.312253,suspect,non_drone_harmonic,"harmonic source detected, but ML strongly rejects drone",0.002131329383701086,0.002131329383701086,0.002131329383701086,True,False,22.921350452106864,22.921350452106864,1.0,1.0,1.0,0.004253588715198575,520,520,500,True,True,0.9097844374975016,0.12037815750508167,0.12037815750508167,0.0,1,1,0,16.0,22.0
HELICOPTER_024.wav,data/datasets/svanstrom_drone_detection/Data/Audio/HELICOPTER_024.wav,helicopter,,9,1780431684.570712,suspect,non_drone_harmonic,"harmonic source detected, but ML strongly rejects drone",0.005544430576264858,0.005544430576264858,0.005544430576264858,True,False,23.70756353835358,22.921350452106864,1.0,1.0,1.0,0.011027707764705208,545,545,500,True,True,0.9296837072512476,0.13469605198856782,0.13469605198856782,0.0,1,1,0,16.0,22.0
HELICOPTER_025.wav,data/datasets/svanstrom_drone_detection/Data/Audio/HELICOPTER_025.wav,helicopter,,0,1780431684.824668,suspect,non_drone_harmonic,"harmonic source detected, but ML strongly rejects drone",0.0019877476152032614,0.0019877476152032614,0.0019877476152032614,True,False,21.886597284152582,21.886597284152582,0.9810995473587637,0.9810995473587637,0.9810995473587637,0.003967452965333138,505,505,505,False,False,0.8770689100653205,0.12450010270199498,0.12450010270199498,0.0,1,1,0,16.0,22.0
HELICOPTER_025.wav,data/datasets/svanstrom_drone_detection/Data/Audio/HELICOPTER_025.wav,helicopter,,1,1780431685.072074,suspect,non_drone_harmonic,"harmonic source detected, but ML strongly rejects drone",0.007334968540817499,0.007334968540817499,0.007334968540817499,True,False,23.0731510865211,22.47987418533684,1.0,1.0,0.9905497736793818,0.014562090870016415,505,505,505,False,False,0.9146459119146637,0.12943513683520225,0.12943513683520225,0.0,1,1,0,16.0,22.0
HELICOPTER_025.wav,data/datasets/svanstrom_drone_detection/Data/Audio/HELICOPTER_025.wav,helicopter,,2,1780431685.31694,suspect,non_drone_harmonic,"harmonic source detected, but ML strongly rejects drone",0.00136435660533607,0.00136435660533607,0.00136435660533607,True,False,23.676937303384317,23.0731510865211,1.0,1.0,1.0,0.0027249926239934787,580,580,505,True,True,0.9283790810529373,0.13054880346907968,0.13054880346907968,0.0,1,1,0,16.0,22.0
HELICOPTER_025.wav,data/datasets/svanstrom_drone_detection/Data/Audio/HELICOPTER_025.wav,helicopter,,3,1780431685.567851,suspect,non_drone_harmonic,"harmonic source detected, but ML strongly rejects drone",0.0010045856470242143,0.0010045856470242143,0.0010045856470242143,True,False,23.126610740654154,23.099880913587626,1.0,1.0,1.0,0.002007152929870768,500,500,505,True,True,0.9150934361133466,0.13416240608510335,0.13416240608510335,0.0,1,1,0,16.0,22.0
HELICOPTER_025.wav,data/datasets/svanstrom_drone_detection/Data/Audio/HELICOPTER_025.wav,helicopter,,4,1780431685.82514,suspect,non_drone_harmonic,"harmonic source detected, but ML strongly rejects drone",0.0013302572770044208,0.0013302572770044208,0.0013302572770044208,True,False,23.630662589138296,23.126610740654154,1.0,1.0,1.0,0.002656977433465704,500,500,505,True,True,0.9273388231502665,0.13977578288268436,0.13977578288268436,0.0,1,1,0,16.0,22.0
HELICOPTER_025.wav,data/datasets/svanstrom_drone_detection/Data/Audio/HELICOPTER_025.wav,helicopter,,5,1780431686.0763829,suspect,non_drone_harmonic,"harmonic source detected, but ML strongly rejects drone",0.0021925608161836863,0.0021925608161836863,0.0021925608161836863,True,False,21.62728805791908,23.126610740654154,0.9378813429865135,0.9378813429865135,1.0,0.004375523655127201,500,500,505,True,True,0.8674525453763299,0.12950601419783897,0.12950601419783897,0.0,1,1,0,16.0,22.0
HELICOPTER_025.wav,data/datasets/svanstrom_drone_detection/Data/Audio/HELICOPTER_025.wav,helicopter,,6,1780431686.3281941,suspect,non_drone_harmonic,"harmonic source detected, but ML strongly rejects drone",0.0016570620937272906,0.0016570620937272906,0.0016570620937272906,True,False,21.974021397547894,23.126610740654154,0.995670232924649,0.995670232924649,1.0,0.003308638259774194,510,510,505,True,True,0.8801334394583807,0.1283876109339915,0.1283876109339915,0.0,1,1,0,16.0,22.0
HELICOPTER_025.wav,data/datasets/svanstrom_drone_detection/Data/Audio/HELICOPTER_025.wav,helicopter,,7,1780431686.5740001,suspect,non_drone_harmonic,"harmonic source detected, but ML strongly rejects drone",0.004276336170732975,0.004276336170732975,0.004276336170732975,True,False,22.04022050673359,22.04022050673359,1.0,1.0,1.0,0.008516245496564653,500,500,505,True,True,0.8828389894119233,0.12906410022744422,0.12906410022744422,0.0,1,1,0,16.0,22.0
HELICOPTER_025.wav,data/datasets/svanstrom_drone_detection/Data/Audio/HELICOPTER_025.wav,helicopter,,8,1780431686.821151,suspect,non_drone_harmonic,"harmonic source detected, but ML strongly rejects drone",0.0025050509721040726,0.0025050509721040726,0.0025050509721040726,True,False,19.980686924774485,21.974021397547894,0.6634478207957475,0.6634478207957475,0.995670232924649,0.004997523433728404,515,515,505,True,True,0.7907024315239313,0.12286531162426388,0.12286531162426388,0.0,1,1,0,16.0,22.0
HELICOPTER_025.wav,data/datasets/svanstrom_drone_detection/Data/Audio/HELICOPTER_025.wav,helicopter,,9,1780431687.076148,suspect,non_drone_harmonic,"harmonic source detected, but ML strongly rejects drone",0.00188086845446378,0.00188086845446378,0.00188086845446378,True,False,21.100322957075065,21.62728805791908,0.8500538261791775,0.8500538261791775,0.9378813429865135,0.0037542040602942875,555,555,505,True,True,0.845830924678317,0.11920713715354193,0.11920713715354193,0.0,1,1,0,16.0,22.0
HELICOPTER_026.wav,data/datasets/svanstrom_drone_detection/Data/Audio/HELICOPTER_026.wav,helicopter,,0,1780431687.337238,suspect,non_drone_harmonic,"harmonic source detected, but ML strongly rejects drone",0.00406316202133894,0.00406316202133894,0.00406316202133894,True,False,25.413674228515816,25.413674228515816,1.0,1.0,1.0,0.008093431027672886,525,525,525,False,False,0.9590384238072156,0.04801077711826193,0.04801077711826193,0.0,1,1,0,16.0,22.0
HELICOPTER_026.wav,data/datasets/svanstrom_drone_detection/Data/Audio/HELICOPTER_026.wav,helicopter,,1,1780431687.584098,suspect,non_drone_harmonic,"harmonic source detected, but ML strongly rejects drone",0.0018376748776063323,0.0018376748776063323,0.0018376748776063323,True,False,27.52341547944804,26.46854485398193,1.0,1.0,1.0,0.0036686043844950176,525,525,525,False,False,0.9792577428027166,0.06094519942135452,0.06094519942135452,0.0,1,1,0,16.0,22.0
HELICOPTER_026.wav,data/datasets/svanstrom_drone_detection/Data/Audio/HELICOPTER_026.wav,helicopter,,2,1780431687.832673,suspect,non_drone_harmonic,"harmonic source detected, but ML strongly rejects drone",0.0019107742700725794,0.0019107742700725794,0.0019107742700725794,True,False,22.787768360417562,25.413674228515816,1.0,1.0,1.0,0.003814256542627508,500,500,525,True,True,0.9060175733239304,0.06421736538711727,0.06421736538711727,0.0,1,1,0,16.0,22.0
HELICOPTER_026.wav,data/datasets/svanstrom_drone_detection/Data/Audio/HELICOPTER_026.wav,helicopter,,3,1780431688.085899,suspect,non_drone_harmonic,"harmonic source detected, but ML strongly rejects drone",0.0025408645160496235,0.0025408645160496235,0.0025408645160496235,True,False,22.137829897499604,24.100721294466688,1.0,1.0,1.0,0.00506884471557935,515,515,525,True,True,0.8859181991281841,0.06515253195229476,0.06515253195229476,0.0,1,1,0,16.0,22.0
HELICOPTER_026.wav,data/datasets/svanstrom_drone_detection/Data/Audio/HELICOPTER_026.wav,helicopter,,4,1780431688.337871,suspect,non_drone_harmonic,"harmonic source detected, but ML strongly rejects drone",0.00017628197383601218,0.00017628197383601218,0.00017628197383601218,True,False,22.58311754907523,22.787768360417562,1.0,1.0,1.0,0.0003525014555182101,500,500,525,True,True,0.8997694638149473,0.06279816785530719,0.06279816785530719,0.0,1,1,0,16.0,22.0
HELICOPTER_026.wav,data/datasets/svanstrom_drone_detection/Data/Audio/HELICOPTER_026.wav,helicopter,,5,1780431688.5932531,suspect,non_drone_harmonic,"harmonic source detected, but ML strongly rejects drone",0.000951496185734868,0.000951496185734868,0.000951496185734868,True,False,18.375018959807075,22.58311754907523,0.39583649330117926,0.39583649330117926,1.0,0.0019011815033394158,520,520,525,True,True,0.6883331647453805,0.07308328861116405,0.07308328861116405,0.0,1,1,0,16.0,22.0
HELICOPTER_026.wav,data/datasets/svanstrom_drone_detection/Data/Audio/HELICOPTER_026.wav,helicopter,,6,1780431688.837076,suspect,non_drone_harmonic,"harmonic source detected, but ML strongly rejects drone",0.0004450737324077636,0.0004450737324077636,0.0004450737324077636,True,False,19.232835071423317,22.137829897499604,0.5388058452372194,0.5388058452372194,1.0,0.0008897505704576513,580,580,525,True,True,0.7461085129769983,0.0952959450067332,0.0952959450067332,0.0,1,1,0,16.0,22.0
HELICOPTER_026.wav,data/datasets/svanstrom_drone_detection/Data/Audio/HELICOPTER_026.wav,helicopter,,7,1780431689.084235,suspect,background,harmonic source detected; awaiting stronger drone evidence,0.0006546335644088686,0.0006546335644088686,0.0006546335644088686,True,False,19.046026080127994,19.232835071423317,0.5076710133546657,0.5076710133546657,0.5388058452372194,0.0013076759133034486,505,505,525,True,True,0.7341624852718138,0.08212485941429273,0.08212485941429273,0.0,1,1,0,16.0,22.0
HELICOPTER_026.wav,data/datasets/svanstrom_drone_detection/Data/Audio/HELICOPTER_026.wav,helicopter,,8,1780431689.331678,suspect,non_drone_harmonic,"harmonic source detected, but ML strongly rejects drone",0.0007366095669567585,0.0007366095669567585,0.0007366095669567585,True,False,24.002380567405446,19.232835071423317,1.0,1.0,0.5388058452372194,0.001471205096827676,500,500,525,True,True,0.9351895107116157,0.061567922078614966,0.061567922078614966,0.0,1,1,0,16.0,22.0
HELICOPTER_026.wav,data/datasets/svanstrom_drone_detection/Data/Audio/HELICOPTER_026.wav,helicopter,,9,1780431689.5982158,suspect,non_drone_harmonic,"harmonic source detected, but ML strongly rejects drone",0.001993714366108179,0.001993714366108179,0.001993714366108179,True,False,22.841962605602134,19.232835071423317,1.0,1.0,0.5388058452372194,0.003972721311458845,515,515,525,True,True,0.9075611616656833,0.06196704980820277,0.06196704980820277,0.0,1,1,0,16.0,22.0
HELICOPTER_027.wav,data/datasets/svanstrom_drone_detection/Data/Audio/HELICOPTER_027.wav,helicopter,,0,1780431689.864243,suspect,background,harmonic source detected; awaiting stronger drone evidence,0.0021462738513946533,0.0021462738513946533,0.0021462738513946533,True,False,17.220002517006872,17.220002517006872,0.20333375283447866,0.20333375283447866,0.20333375283447866,0.00424769063940625,535,535,535,False,False,0.6006104817634744,0.09101779358063004,0.09101779358063004,0.0,1,1,0,16.0,22.0
HELICOPTER_027.wav,data/datasets/svanstrom_drone_detection/Data/Audio/HELICOPTER_027.wav,helicopter,,1,1780431690.114325,suspect,background,harmonic source detected; awaiting stronger drone evidence,0.005063300486654043,0.005063300486654043,0.005063300486654043,True,False,18.822480345222644,18.02124143111476,0.47041339087044065,0.47041339087044065,0.33687357185245964,0.009976620072138957,510,510,535,False,False,0.7200261282915595,0.08019408630028109,0.08019408630028109,0.0,1,1,0,16.0,22.0
HELICOPTER_027.wav,data/datasets/svanstrom_drone_detection/Data/Audio/HELICOPTER_027.wav,helicopter,,2,1780431690.363901,suspect,background,background or insufficient evidence,0.008479572832584381,0.008479572832584381,0.008479572832584381,True,False,15.30656399500995,17.220002517006872,0.0,0.0,0.20333375283447866,0.016280139325352362,500,500,535,True,False,0.4424695838358413,0.06868733396943014,0.06868733396943014,0.0,1,0,0,16.0,22.0
HELICOPTER_027.wav,data/datasets/svanstrom_drone_detection/Data/Audio/HELICOPTER_027.wav,helicopter,,3,1780431690.631957,suspect,background,background or insufficient evidence,0.060648806393146515,0.060648806393146515,0.060648806393146515,True,False,14.772189138974047,16.26328325600841,0.0,0.0,0.10166687641723933,0.07597462685493682,550,550,535,True,False,0.3990871055380701,0.0852110112834682,0.0852110112834682,0.0,1,0,0,16.0,22.0
HELICOPTER_027.wav,data/datasets/svanstrom_drone_detection/Data/Audio/HELICOPTER_027.wav,helicopter,,4,1780431690.896252,suspect,background,harmonic source detected; awaiting stronger drone evidence,0.02543090097606182,0.02543090097606182,0.02543090097606182,True,False,16.811426381735053,16.811426381735053,0.13523773028917555,0.13523773028917555,0.13523773028917555,0.04281104400537069,550,550,535,True,False,0.571024261265069,0.07115683990856779,0.07115683990856779,0.0,1,1,0,16.0,22.0
HELICOPTER_027.wav,data/datasets/svanstrom_drone_detection/Data/Audio/HELICOPTER_027.wav,helicopter,,5,1780431691.155392,suspect,background,background or insufficient evidence,0.006196283735334873,0.006196283735334873,0.006196283735334873,True,False,15.418431876095068,15.418431876095068,0.0,0.0,0.0,0.0,500,500,535,True,False,0.45168719525796286,0.07767647109034156,0.07767647109034156,0.0,1,0,0,16.0,22.0
HELICOPTER_027.wav,data/datasets/svanstrom_drone_detection/Data/Audio/HELICOPTER_027.wav,helicopter,,6,1780431691.406234,suspect,background,harmonic source detected; awaiting stronger drone evidence,0.01983213610947132,0.01983213610947132,0.01983213610947132,True,False,16.288472536724456,15.418431876095068,0.048078756120742604,0.048078756120742604,0.0,0.0,530,530,535,True,False,0.5269956927115356,0.08292720079821933,0.08292720079821933,0.0,1,1,0,16.0,22.0
HELICOPTER_027.wav,data/datasets/svanstrom_drone_detection/Data/Audio/HELICOPTER_027.wav,helicopter,,7,1780431691.659893,suspect,background,harmonic source detected; awaiting stronger drone evidence,0.04276323691010475,0.04276323691010475,0.04276323691010475,True,False,16.193482229150984,16.193482229150984,0.03224703819183065,0.03224703819183065,0.03224703819183065,0.03676747880828572,520,520,535,True,False,0.5225324181602585,0.10580254803390707,0.10580254803390707,0.0,1,1,0,16.0,22.0
HELICOPTER_027.wav,data/datasets/svanstrom_drone_detection/Data/Audio/HELICOPTER_027.wav,helicopter,,8,1780431691.9070542,suspect,background,background or insufficient evidence,0.0485619455575943,0.0485619455575943,0.0485619455575943,True,False,15.554926599571962,16.193482229150984,0.0,0.0,0.03224703819183065,0.03875706541214316,505,505,535,True,False,0.46297842891330365,0.11989907812172756,0.11989907812172756,0.0,1,0,0,16.0,22.0
HELICOPTER_027.wav,data/datasets/svanstrom_drone_detection/Data/Audio/HELICOPTER_027.wav,helicopter,,9,1780431692.153557,suspect,background,background or insufficient evidence,0.017974399030208588,0.017974399030208588,0.017974399030208588,True,False,15.617130875726236,15.617130875726236,0.0,0.0,0.0,0.0,545,545,535,False,False,0.4681374750217398,0.12393253573728429,0.12393253573728429,0.0,1,0,0,16.0,22.0
HELICOPTER_028.wav,data/datasets/svanstrom_drone_detection/Data/Audio/HELICOPTER_028.wav,helicopter,,0,1780431692.423367,suspect,background,harmonic source detected; awaiting stronger drone evidence,0.0012369985925033689,0.0012369985925033689,0.0012369985925033689,True,False,19.395237056515867,19.395237056515867,0.5658728427526446,0.5658728427526446,0.5658728427526446,0.002468596468233927,505,505,505,False,False,0.7563464650611567,0.06459406396644807,0.06459406396644807,0.0,1,1,0,16.0,22.0
HELICOPTER_028.wav,data/datasets/svanstrom_drone_detection/Data/Audio/HELICOPTER_028.wav,helicopter,,1,1780431692.674028,suspect,background,harmonic source detected; awaiting stronger drone evidence,0.003722348716109991,0.003722348716109991,0.003722348716109991,True,False,18.24485115157602,18.820044104045945,0.37414185859600363,0.37414185859600363,0.4700073506743241,0.007386184853951884,500,500,505,False,False,0.6793629671039721,0.09899041100534753,0.09899041100534753,0.0,1,1,0,16.0,22.0
HELICOPTER_028.wav,data/datasets/svanstrom_drone_detection/Data/Audio/HELICOPTER_028.wav,helicopter,,2,1780431692.922366,suspect,background,harmonic source detected; awaiting stronger drone evidence,0.0007898411131463945,0.0007898411131463945,0.0007898411131463945,True,False,18.95537271411194,18.95537271411194,0.49256211901865693,0.49256211901865693,0.49256211901865693,0.001577150007473376,500,500,505,True,True,0.7282422692343473,0.11974889238945759,0.11974889238945759,0.0,1,1,0,16.0,22.0
HELICOPTER_028.wav,data/datasets/svanstrom_drone_detection/Data/Audio/HELICOPTER_028.wav,helicopter,,3,1780431693.168551,suspect,background,harmonic source detected; awaiting stronger drone evidence,0.0016082327347248793,0.0016082327347248793,0.0016082327347248793,True,False,17.07702219703599,18.60011193284398,0.17950369950599843,0.17950369950599843,0.4333519888073303,0.0032045654625820195,515,515,505,True,True,0.5890413670413873,0.08190068305881633,0.08190068305881633,0.0,1,1,0,16.0,22.0
HELICOPTER_028.wav,data/datasets/svanstrom_drone_detection/Data/Audio/HELICOPTER_028.wav,helicopter,,4,1780431693.4148538,suspect,background,background or insufficient evidence,0.008044158108532429,0.008044158108532429,0.008044158108532429,True,False,14.871501518170733,18.24485115157602,0.0,0.0,0.37414185859600363,0.015749652050023266,515,515,505,True,True,0.40705190428130084,0.09152269105261217,0.09152269105261217,0.0,1,0,0,16.0,22.0
HELICOPTER_028.wav,data/datasets/svanstrom_drone_detection/Data/Audio/HELICOPTER_028.wav,helicopter,,5,1780431693.672024,suspect,background,background or insufficient evidence,0.0028972947038710117,0.0028972947038710117,0.0028972947038710117,True,False,14.749191245703441,17.07702219703599,0.0,0.0,0.17950369950599843,0.0057025157006297955,500,500,505,True,False,0.3972501101943526,0.13295918118824054,0.13295918118824054,0.0,1,0,0,16.0,22.0
HELICOPTER_028.wav,data/datasets/svanstrom_drone_detection/Data/Audio/HELICOPTER_028.wav,helicopter,,6,1780431693.930285,suspect,background,background or insufficient evidence,0.007279729470610619,0.007279729470610619,0.007279729470610619,True,False,15.965524658768155,15.965524658768155,0.0,0.0,0.0,0.0,545,545,505,True,False,0.497127086513933,0.1456277320757156,0.1456277320757156,0.0,1,0,0,16.0,22.0
HELICOPTER_028.wav,data/datasets/svanstrom_drone_detection/Data/Audio/HELICOPTER_028.wav,helicopter,,7,1780431694.1823099,suspect,background,background or insufficient evidence,0.001496510929428041,0.001496510929428041,0.001496510929428041,True,False,15.36092531712766,15.36092531712766,0.0,0.0,0.0,0.0,655,655,655,True,False,0.4469442622149016,0.16286494351714015,0.16286494351714015,0.0,1,0,0,16.0,22.0
HELICOPTER_028.wav,data/datasets/svanstrom_drone_detection/Data/Audio/HELICOPTER_028.wav,helicopter,,8,1780431694.438259,suspect,background,background or insufficient evidence,0.0017880797386169434,0.0017880797386169434,0.0017880797386169434,True,False,14.747945059118024,14.871501518170733,0.0,0.0,0.0,0.0,530,530,655,False,False,0.3971506511136092,0.16392876164258244,0.16392876164258244,0.0,1,0,0,16.0,22.0
HELICOPTER_028.wav,data/datasets/svanstrom_drone_detection/Data/Audio/HELICOPTER_028.wav,helicopter,,9,1780431694.692966,suspect,background,background or insufficient evidence,0.0006914041005074978,0.0006914041005074978,0.0006914041005074978,True,False,15.848149230218281,15.36092531712766,0.0,0.0,0.0,0.0,515,515,655,False,False,0.48734847024800176,0.1548537695044311,0.1548537695044311,0.0,1,0,0,16.0,22.0
HELICOPTER_029.wav,data/datasets/svanstrom_drone_detection/Data/Audio/HELICOPTER_029.wav,helicopter,,0,1780431694.96031,suspect,background,harmonic source detected; awaiting stronger drone evidence,0.01963648572564125,0.01963648572564125,0.01963648572564125,True,False,17.28507546759216,17.28507546759216,0.21417924459869356,0.21417924459869356,0.21417924459869356,0.0359745658358747,570,570,570,False,False,0.6084270956214367,0.07665627147366211,0.07665627147366211,0.0,1,1,0,16.0,22.0
HELICOPTER_029.wav,data/datasets/svanstrom_drone_detection/Data/Audio/HELICOPTER_029.wav,helicopter,,1,1780431695.2196538,suspect,background,background or insufficient evidence,0.0009426514734514058,0.0009426514734514058,0.0009426514734514058,True,False,14.838074679792744,16.061575073692453,0.0,0.0,0.10708962229934678,0.0018688351602513709,525,525,570,False,False,0.40436540652709035,0.13187266819688004,0.13187266819688004,0.0,1,0,0,16.0,22.0
HELICOPTER_029.wav,data/datasets/svanstrom_drone_detection/Data/Audio/HELICOPTER_029.wav,helicopter,,2,1780431695.470357,suspect,background,harmonic source detected; awaiting stronger drone evidence,0.007543003186583519,0.007543003186583519,0.007543003186583519,True,False,19.93424918192257,17.28507546759216,0.6557081969870951,0.6557081969870951,0.21417924459869356,0.014572713873220407,510,510,570,True,False,0.7888815237998765,0.08862995493820156,0.08862995493820156,0.0,1,1,0,16.0,22.0
HELICOPTER_029.wav,data/datasets/svanstrom_drone_detection/Data/Audio/HELICOPTER_029.wav,helicopter,,3,1780431695.719096,suspect,background,background or insufficient evidence,0.004782511852681637,0.004782511852681637,0.004782511852681637,True,False,14.016916979181484,16.061575073692453,0.0,0.0,0.10708962229934678,0.009156038969102925,700,700,570,True,False,0.34050879672543205,0.09950824686373651,0.09950824686373651,0.0,1,0,0,16.0,22.0
HELICOPTER_029.wav,data/datasets/svanstrom_drone_detection/Data/Audio/HELICOPTER_029.wav,helicopter,,4,1780431695.966711,suspect,background,background or insufficient evidence,0.002207342768087983,0.002207342768087983,0.002207342768087983,True,False,14.9713167571262,14.9713167571262,0.0,0.0,0.0,0.0,650,650,570,True,False,0.4151065610069666,0.10737838901383075,0.10737838901383075,0.0,1,0,0,16.0,22.0
HELICOPTER_029.wav,data/datasets/svanstrom_drone_detection/Data/Audio/HELICOPTER_029.wav,helicopter,,5,1780431696.215862,suspect,background,background or insufficient evidence,0.0013787418138235807,0.0013787418138235807,0.0013787418138235807,True,False,13.755802934925557,14.838074679792744,0.0,0.0,0.0,0.0,685,685,570,True,False,0.3212429236454569,0.08066035640096338,0.08066035640096338,0.0,1,0,0,16.0,22.0
HELICOPTER_029.wav,data/datasets/svanstrom_drone_detection/Data/Audio/HELICOPTER_029.wav,helicopter,,6,1780431696.476521,suspect,background,background or insufficient evidence,0.0033945096656680107,0.0033945096656680107,0.0033945096656680107,True,False,14.75857994358707,14.75857994358707,0.0,0.0,0.0,0.0,500,500,570,False,False,0.397999701596016,0.05362423940438239,0.05362423940438239,0.0,1,0,0,16.0,22.0
HELICOPTER_029.wav,data/datasets/svanstrom_drone_detection/Data/Audio/HELICOPTER_029.wav,helicopter,,7,1780431696.7304,suspect,background,background or insufficient evidence,0.013357019983232021,0.013357019983232021,0.013357019983232021,True,False,14.142600577163424,14.142600577163424,0.0,0.0,0.0,0.0,500,500,570,False,False,0.3499786306484162,0.08203264649070023,0.08203264649070023,0.0,1,0,0,16.0,22.0
HELICOPTER_029.wav,data/datasets/svanstrom_drone_detection/Data/Audio/HELICOPTER_029.wav,helicopter,,8,1780431696.979182,suspect,background,background or insufficient evidence,0.05095841363072395,0.05095841363072395,0.05095841363072395,True,False,14.50157586639089,14.50157586639089,0.0,0.0,0.0,0.0,510,510,570,False,False,0.3776641215538566,0.06771679462006826,0.06771679462006826,0.0,1,0,0,16.0,22.0
HELICOPTER_029.wav,data/datasets/svanstrom_drone_detection/Data/Audio/HELICOPTER_029.wav,helicopter,,9,1780431697.2278872,suspect,background,background or insufficient evidence,0.12152869999408722,0.12152869999408722,0.12152869999408722,True,False,14.324813363576515,14.324813363576515,0.0,0.0,0.0,0.0,505,505,570,False,False,0.363918780750844,0.06666227899779993,0.06666227899779993,0.0,1,0,0,16.0,22.0
HELICOPTER_030.wav,data/datasets/svanstrom_drone_detection/Data/Audio/HELICOPTER_030.wav,helicopter,,0,1780431697.486851,background,background,background or insufficient evidence,0.002755196299403906,0.002755196299403906,0.002755196299403906,True,False,14.63999196183222,14.63999196183222,0.0,0.0,0.0,0.0,735,735,735,False,False,0.38856789251570556,0.120490449918962,0.120490449918962,0.0,1,0,0,16.0,22.0
HELICOPTER_030.wav,data/datasets/svanstrom_drone_detection/Data/Audio/HELICOPTER_030.wav,helicopter,,1,1780431697.750466,suspect,background,harmonic source detected; awaiting stronger drone evidence,0.0005261035985313356,0.0005261035985313356,0.0005261035985313356,True,False,16.507184035573857,15.573587998703038,0.08453067259564288,0.08453067259564288,0.04226533629782144,0.0010392464450860218,500,500,500,False,False,0.5422438706690844,0.12426526488800549,0.12426526488800549,0.0,1,1,0,16.0,22.0
HELICOPTER_030.wav,data/datasets/svanstrom_drone_detection/Data/Audio/HELICOPTER_030.wav,helicopter,,2,1780431698.0010612,suspect,background,harmonic source detected; awaiting stronger drone evidence,0.0004545337869785726,0.0004545337869785726,0.0004545337869785726,True,False,17.30380900536108,16.507184035573857,0.2173015008935136,0.2173015008935136,0.08453067259564288,0.0009041948891743966,625,625,500,False,False,0.6070404654878454,0.09939689877447859,0.09939689877447859,0.0,1,1,0,16.0,22.0
HELICOPTER_030.wav,data/datasets/svanstrom_drone_detection/Data/Audio/HELICOPTER_030.wav,helicopter,,3,1780431698.252053,suspect,background,background or insufficient evidence,0.0006232018349692225,0.0006232018349692225,0.0006232018349692225,True,False,15.566515510697235,16.036849773135547,0.0,0.0,0.04226533629782144,0.0012282638742736106,625,625,500,False,False,0.46393901311425084,0.09530403381713644,0.09530403381713644,0.0,1,0,0,16.0,22.0
HELICOPTER_030.wav,data/datasets/svanstrom_drone_detection/Data/Audio/HELICOPTER_030.wav,helicopter,,4,1780431698.502579,suspect,background,background or insufficient evidence,0.000454432622063905,0.000454432622063905,0.000454432622063905,True,False,15.38617174288628,15.566515510697235,0.0,0.0,0.0,0.0,635,635,500,False,False,0.44902535911706243,0.060706898352596156,0.060706898352596156,0.0,1,0,0,16.0,22.0
HELICOPTER_030.wav,data/datasets/svanstrom_drone_detection/Data/Audio/HELICOPTER_030.wav,helicopter,,5,1780431698.752105,suspect,background,background or insufficient evidence,0.0005938058020547032,0.0005938058020547032,0.0005938058020547032,True,False,15.72080669763999,15.72080669763999,0.0,0.0,0.0,0.0,500,500,500,False,False,0.4767506692312552,0.07181735318271856,0.07181735318271856,0.0,1,0,0,16.0,22.0
HELICOPTER_030.wav,data/datasets/svanstrom_drone_detection/Data/Audio/HELICOPTER_030.wav,helicopter,,6,1780431699.01199,suspect,background,harmonic source detected; awaiting stronger drone evidence,0.004729350097477436,0.004729350097477436,0.004729350097477436,True,False,18.354323514488804,15.72080669763999,0.3923872524148007,0.3923872524148007,0.0,0.0,560,560,500,False,False,0.6874176181606515,0.05780656521702292,0.05780656521702292,0.0,1,1,0,16.0,22.0
HELICOPTER_030.wav,data/datasets/svanstrom_drone_detection/Data/Audio/HELICOPTER_030.wav,helicopter,,7,1780431699.265883,suspect,background,background or insufficient evidence,0.002557900734245777,0.002557900734245777,0.002557900734245777,True,False,12.88711462614388,15.566515510697235,0.0,0.0,0.0,0.0,710,710,710,False,False,0.261607843684865,0.07187354147205316,0.07187354147205316,0.0,1,0,0,16.0,22.0
HELICOPTER_030.wav,data/datasets/svanstrom_drone_detection/Data/Audio/HELICOPTER_030.wav,helicopter,,8,1780431699.516107,suspect,background,background or insufficient evidence,0.04924248158931732,0.04924248158931732,0.04924248158931732,True,False,13.879434870371924,15.38617174288628,0.0,0.0,0.0,0.0,610,610,710,False,False,0.33029413271429847,0.09462244767359142,0.09462244767359142,0.0,1,0,0,16.0,22.0
HELICOPTER_030.wav,data/datasets/svanstrom_drone_detection/Data/Audio/HELICOPTER_030.wav,helicopter,,9,1780431699.769305,suspect,background,background or insufficient evidence,0.2005830705165863,0.2005830705165863,0.2005830705165863,False,False,14.046561597872612,14.046561597872612,0.0,0.0,0.0,0.0,510,510,500,False,False,0.34273130513784555,0.11518272415416442,0.11518272415416442,0.0,1,0,0,16.0,22.0
